npc_id,sprite,sprite_label,flag_condition,tile_x_y
0,1,ness,unset: Unknown Flag,
1,284,monster_shark,unset: SHARK_GUARDING_FRANK_DEFEATED,"244, 21"
2,284,monster_shark,unset: SHARK_AT_ARCADE_ABSENT,"246, 23"
3,284,monster_shark,always: Unknown Flag,"243, 23"
4,284,monster_shark,always: Unknown Flag,"252, 31"
5,284,monster_shark,always: Unknown Flag,"250, 31"
6,117,man_sunglasses,always: Unknown Flag,"251, 29"
7,284,monster_shark,unset: SHARK_AT_ARCADE_UPSTAIRS_DEFEATED,"253, 31"
8,52,old_man_cane,always: Unknown Flag,"244, 46"
9,64,man_orange_sweater,always: Unknown Flag,"246, 46"
10,114,man_i_love_ny,always: Unknown Flag,"241, 47"
11,130,ruffini,always: Unknown Flag,"242, 46"
12,259,atm_machine,always: Unknown Flag,"243, 46"
13,216,payphone,always: Unknown Flag,"243, 47"
14,145,mom,set: POLICE_AT_METEORITE,"237, 10"
15,145,mom,unset: POLICE_AT_METEORITE,"238, 11"
16,359,king_sleeping,unset: SLEEPING_KING_ABSENT,"240, 10"
17,44,pokey,set: POKEY_WAITING_AT_DOOR,"243, 10"
18,40,king,set: KING_AWAKE_AT_HOME,"235, 11"
19,44,pokey,set: POKEY_WAITING_AT_COUCH,"241, 10"
20,146,tracy,set: TRACY_DOWNSTAIRS,"234, 10"
21,215,black_phone,always: Unknown Flag,"239, 9"
22,350,door_knocking,set: NESS_HOUSE_DOOR_KNOCKING,"243, 10"
23,373,misc_7,unset: ONETT_DAYTIME,"242, 9"
24,373,misc_7,unset: ONETT_DAYTIME,"236, 10"
25,146,tracy,set: TRACY_AT_HALLWAY,"234, 31"
26,378,misc_12,set: NESS_SLEEPING_AT_HIS_BED,"253, 34"
27,384,misc_17,set: NESS_SLEEPING_AT_HIS_BED,"254, 33"
28,373,misc_7,unset: ONETT_DAYTIME,"252, 33"
29,375,misc_9,unset: ONETT_DAYTIME,"255, 34"
30,146,tracy,unset: TRACY_NOT_AT_HER_ROOM,"236, 22"
31,373,misc_7,unset: ONETT_DAYTIME,"236, 21"
32,375,misc_9,unset: ONETT_DAYTIME,"232, 22"
33,142,???,always: Unknown Flag,"236, 14"
34,58,woman_green_dress,always: Unknown Flag,"233, 14"
35,127,girl_ponytail,always: Unknown Flag,"235, 15"
36,153,frank,set: GIYGAS_DEFEATED,"234, 14"
37,66,woman_red_blazer,always: Unknown Flag,"237, 15"
38,153,frank,set: PARTY_IS_ROBOTIFIED,"236, 15"
39,136,balding_man,unset: HINT_GUY_ABSENT,"251, 38"
40,137,chef,always: Unknown Flag,"227, 42"
41,58,woman_green_dress,always: Unknown Flag,"228, 42"
42,68,woman red_dress,always: Unknown Flag,"224, 43"
43,67,elevator_attendant,always: Unknown Flag,"226, 43"
44,147,aloysius,set: ALOYSIUS_AT_HOME,"220, 26"
45,148,lardna,set: LARDNA_AT_HOME,"222, 27"
46,347,scenery_1,set: BUZZ_BUZZ_DYING_ON_FLOOR,"222, 27"
47,45,picky,unset: POLICE_AT_METEORITE,"228, 26"
48,59,prettyman,set: GIYGAS_DEFEATED,"227, 26"
49,374,misc_8,unset: ONETT_DAYTIME,"227, 25"
50,374,misc_8,unset: ONETT_DAYTIME,"221, 26"
51,374,misc_8,unset: ONETT_DAYTIME,"218, 25"
52,44,pokey,set: POKEY_AT_HIS_ROOM,"221, 18"
53,45,picky,set: PICKY_AT_HIS_ROOM,"225, 19"
54,374,misc_8,unset: ONETT_DAYTIME,"218, 18"
55,374,misc_8,unset: ONETT_DAYTIME,"222, 18"
56,374,misc_8,unset: ONETT_DAYTIME,"224, 17"
57,375,misc_9,unset: ONETT_DAYTIME,"227, 18"
58,56,man_bald,always: Unknown Flag,"250, 46"
59,73,bellhop,always: Unknown Flag,"254, 46"
60,215,black_phone,always: Unknown Flag,"249, 46"
61,259,atm_machine,always: Unknown Flag,"225, 34"
62,66,woman_red_blazer,unset: Unknown Flag,"237, 2"
63,61,businessman_blonde,unset: Unknown Flag,"240, 3"
64,73,bellhop,set: JUST_RESTED,"240, 2"
65,66,woman_red_blazer,set: Unknown Flag,"242, 43"
66,61,businessman_blonde,set: Unknown Flag,"243, 43"
67,75,captain_strong,unset: CAPTAIN_STRONG_NOT_AT_STATION_DESK,"220, 10"
68,141,marcie,always: Unknown Flag,"222, 11"
69,74,cop,always: Unknown Flag,"219, 11"
70,74,cop,set: COP_AT_STATION_ENTRANCE,"221, 12"
71,75,captain_strong,set: CAPTAIN_STRONG_AT_STATION_ENTRANCE,"220, 12"
72,63,businessman_hat,always: Unknown Flag,"252, 3"
73,74,cop,unset: ONETT_COP_1_DEFEATED,"234, 6"
74,74,cop,unset: ONETT_COP_2_DEFEATED,"235, 5"
75,74,cop,unset: ONETT_COP_3_DEFEATED,"236, 5"
76,74,cop,unset: ONETT_COP_4_DEFEATED,"237, 5"
77,74,cop,unset: ONETT_COP_5_DEFEATED,"238, 5"
78,59,prettyman,always: Unknown Flag,"245, 18"
79,61,businessman_blonde,always: Unknown Flag,"219, 3"
80,62,businessman_black_hair,always: Unknown Flag,"221, 3"
81,52,old_man_cane,always: Unknown Flag,"218, 3"
82,57,woman_black_dress,always: Unknown Flag,"220, 4"
83,61,businessman_blonde,always: Unknown Flag,"243, 34"
84,55,man_blue_suit,always: Unknown Flag,"242, 35"
85,65,woman_blue_blazer,always: Unknown Flag,"242, 26"
86,154,mayor_pirkle,always: Unknown Flag,"246, 6"
87,56,man_bald,always: Unknown Flag,"244, 6"
88,74,cop,always: Unknown Flag,"242, 7"
89,70,man_blue_blazer,always: Unknown Flag,"251, 10"
90,127,girl_ponytail,always: Unknown Flag,"236, 19"
91,59,prettyman,always: Unknown Flag,"219, 30"
92,125,boy_bowler_hat,always: Unknown Flag,"234, 34"
93,121,girl_yellow_sunhat,always: Unknown Flag,"219, 39"
94,451,exit_mouse_owner,always: Unknown Flag,"235, 43"
95,436,exit_mouse,unset: HAS_EXIT_MOUSE,"234, 43"
96,436,exit_mouse,always: Unknown Flag,"235, 42"
97,115,pigpen,always: Unknown Flag,"236, 42"
98,68,woman red_dress,always: Unknown Flag,"249, 14"
99,54,old_man_hat,always: Unknown Flag,"244, 14"
100,119,shy_guy,always: Unknown Flag,"242, 14"
101,63,businessman_hat,unset: LIBRARY_BATHROOM_MAN,"223, 22"
102,120,girl_red_dress,always: Unknown Flag,"217, 35"
103,114,man_i_love_ny,always: Unknown Flag,"222, 35"
104,112,man_blue_oxford,always: Unknown Flag,"219, 35"
105,121,girl_yellow_sunhat,always: Unknown Flag,"220, 34"
106,113,man_green_oxford,always: Unknown Flag,"217, 43"
107,67,elevator_attendant,always: Unknown Flag,"221, 43"
108,70,man_blue_blazer,always: Unknown Flag,"250, 26"
109,64,man_orange_sweater,always: Unknown Flag,"253, 26"
110,140,nurse,always: Unknown Flag,"226, 30"
111,189,healer,always: Unknown Flag,"226, 31"
112,108,woman_gold_necklace,always: Unknown Flag,"227, 31"
113,139,doctor,always: Unknown Flag,"227, 38"
114,140,nurse,always: Unknown Flag,"228, 38"
115,113,man_green_oxford,always: Unknown Flag,"244, 30"
116,128,girl_pigtails,always: Unknown Flag,"244, 39"
117,65,woman_blue_blazer,always: Unknown Flag,"243, 38"
118,53,old_woman,always: Unknown Flag,"226, 47"
119,152,lier_x_agerate,set: LIER_INSIDE_HOUSE,"235, 38"
120,125,boy_bowler_hat,always: Unknown Flag,"249, 42"
121,126,boy_fedora,always: Unknown Flag,"250, 41"
122,124,boy_baseball_helmet,always: Unknown Flag,"251, 42"
123,381,misc_15,always: Unknown Flag,"235, 44"
124,382,picky_sleeping,set: PICKY_SLEEPING_AT_METEORITE,"62, 3"
125,152,lier_x_agerate,unset: POKEY_PUNISHED,"57, 3"
126,74,cop,set: COP_AT_ENTERTAINERS_SHACK,"45, 15"
127,115,pigpen,always: Unknown Flag,"61, 24"
128,76,traveling_entertainer,unset: GOT_ENTERTAINERS_TRAVEL_CHARM,"45, 18"
129,122,girl_yellow_dress,set: PEOPLE_IN_ONETT,"67, 30"
130,188,mole,unset: MONSTERS_IN_ONETT,"54, 24"
131,114,man_i_love_ny,set: PEOPLE_IN_ONETT,"58, 36"
132,78,rasta_man,set: PEOPLE_IN_ONETT,"41, 35"
133,115,pigpen,set: PEOPLE_IN_ONETT,"32, 53"
134,62,businessman_black_hair,set: PEOPLE_IN_ONETT,"70, 35"
135,112,man_blue_oxford,set: PEOPLE_IN_ONETT,"50, 45"
136,58,woman_green_dress,set: PEOPLE_IN_ONETT,"77, 45"
137,53,old_woman,set: PEOPLE_IN_ONETT,"45, 44"
138,130,ruffini,set: PEOPLE_IN_ONETT,"56, 43"
139,55,man_blue_suit,unset: BOUGHT_SCAM_HOUSE,"14, 55"
140,55,man_blue_suit,set: BOUGHT_SCAM_HOUSE,"16, 55"
141,77,saxophonist,unset: MONSTERS_IN_ONETT,"10, 56"
142,284,monster_shark,unset: SHARK_OUTSIDE_ARCADE_1_DEFEATED,"46, 54"
143,284,monster_shark,unset: SHARK_OUTSIDE_ARCADE_2_DEFEATED,"49, 56"
144,74,cop,unset: VISITED_TWOSON,"53, 62"
145,74,cop,unset: VISITED_TWOSON,"52, 61"
146,153,frank,unset: QUEST_TO_ZEXONYTE,"50, 50"
147,381,misc_15,unset: ENTERTAINERS_SHACK_UNLOCKED,"45, 17"
148,145,mom,set: NESS_MOM_OUTSIDE,"83, 10"
149,117,man_sunglasses,unset: POLICE_AT_METEORITE,"77, 13"
150,74,cop,unset: POLICE_AT_METEORITE,"86, 17"
151,74,cop,unset: POLICE_AT_METEORITE,"87, 16"
152,55,man_blue_suit,unset: POLICE_AT_METEORITE,"84, 15"
153,74,cop,unset: POLICE_AT_METEORITE,"78, 20"
154,74,cop,unset: POLICE_AT_METEORITE,"71, 18"
155,74,cop,unset: POLICE_AT_METEORITE,"66, 17"
156,74,cop,unset: POLICE_AT_METEORITE,"47, 12"
157,74,cop,unset: POLICE_AT_METEORITE,"67, 7"
158,74,cop,unset: POLICE_AT_METEORITE,"65, 7"
159,74,cop,unset: POLICE_AT_METEORITE,"67, 8"
160,74,cop,unset: POLICE_AT_METEORITE,"62, 7"
161,44,pokey,unset: POLICE_AT_METEORITE,"66, 7"
162,76,traveling_entertainer,unset: GOT_ENTERTAINERS_TRAVEL_CHARM,"44, 19"
163,117,man_sunglasses,unset: FRANKYSTEIN_MKII_DEFEATED,"52, 52"
164,75,captain_strong,unset: POLICE_AT_METEORITE,"65, 4"
165,64,man_orange_sweater,unset: POLICE_AT_METEORITE,"64, 5"
166,128,girl_pigtails,unset: PATH_TO_TWOSON_OPEN,"59, 58"
167,55,man_blue_suit,unset: PATH_TO_TWOSON_OPEN,"56, 61"
168,204,street_sign,always: Unknown Flag,"48, 37"
169,204,street_sign,always: Unknown Flag,"48, 47"
170,204,street_sign,always: Unknown Flag,"61, 47"
171,204,street_sign,always: Unknown Flag,"41, 54"
172,204,street_sign,always: Unknown Flag,"54, 54"
173,204,street_sign,always: Unknown Flag,"66, 37"
174,204,street_sign,always: Unknown Flag,"74, 45"
175,208,van,set: ONETT_DAYTIME,"62, 36"
176,207,red_truck,set: ONETT_DAYTIME,"56, 55"
177,199,roadblock,unset: PATH_TO_TWOSON_OPEN,"51, 62"
178,199,roadblock,unset: PATH_TO_TWOSON_OPEN,"52, 62"
179,199,roadblock,unset: PATH_TO_TWOSON_OPEN,"53, 62"
180,199,roadblock,unset: PATH_TO_TWOSON_OPEN,"54, 62"
181,227,mailbox,always: Unknown Flag,"33, 43"
182,227,mailbox,always: Unknown Flag,"73, 11"
183,227,mailbox,always: Unknown Flag,"83, 11"
184,227,mailbox,always: Unknown Flag,"79, 45"
185,228,dont_enter,always: Unknown Flag,"44, 17"
186,206,taxi,set: ONETT_DAYTIME,"64, 46"
187,199,roadblock,set: POLICE_BARRIERS_AT_ONETT_HILLTOP,"66, 6"
188,199,roadblock,set: POLICE_BARRIERS_AT_ONETT_HILLTOP,"68, 7"
189,199,roadblock,unset: POLICE_AT_METEORITE,"85, 17"
190,199,roadblock,unset: POLICE_AT_METEORITE,"87, 17"
191,442,hotel_sign,always: Unknown Flag,"62, 45"
192,213,sign,always: Unknown Flag,"58, 4"
193,203,spotlight,set: ONETT_DAYTIME,"63, 1"
194,203,spotlight,set: ONETT_DAYTIME,"48, 6"
195,203,spotlight,set: ONETT_DAYTIME,"50, 5"
196,203,spotlight,set: ONETT_DAYTIME,"53, 1"
197,203,spotlight,set: ONETT_DAYTIME,"55, 0"
198,197,meteor,always: Unknown Flag,"65, 4"
199,377,misc_11,unset: POLICE_AT_METEORITE,"86, 17"
200,377,misc_11,unset: POLICE_AT_METEORITE,"71, 18"
201,377,misc_11,unset: POLICE_AT_METEORITE,"69, 6"
202,401,monster_frankystein,unset: FRANKYSTEIN_MKII_DEFEATED,"51, 50"
203,152,lier_x_agerate,set: LIER_INSIDE_CAVE_1,"122, 222"
204,152,lier_x_agerate,set: LIER_INSIDE_CAVE_2,"171, 79"
205,152,lier_x_agerate,set: LIER_INSIDE_CAVE_3,"107, 67"
206,152,lier_x_agerate,set: LIER_INSIDE_CAVE_4,"99, 67"
207,152,lier_x_agerate,set: LIER_BY_MANI_MANI,"124, 186"
208,293,mani_mani,unset: VISITED_TWOSON,"125, 186"
209,333,monster_your_sanctuary,unset: CONQUERED_SANCTUARY_1,"34, 67"
210,399,dog,unset: PARTY_IS_ROBOTIFIED,"52, 275"
211,406,crib,always: Unknown Flag,"188, 67"
212,85,punk_man,always: Unknown Flag,"221, 238"
213,156,paulas_mom,always: Unknown Flag,"234, 234"
214,127,girl_ponytail,always: Unknown Flag,"236, 234"
215,124,boy_baseball_helmet,always: Unknown Flag,"235, 235"
216,128,girl_pigtails,always: Unknown Flag,"238, 234"
217,155,paulas_dad,unset: PAULAS_DAD_OUTSIDE,"211, 242"
218,131,cat,set: GIYGAS_DEFEATED,"213, 251"
219,2,paula,set: PAULA_AT_HER_ROOM,"251, 278"
220,175,orange_kid,unset: APPLE_KID_IN_BURGLIN_PARK,"243, 238"
221,176,apple_kid,unset: APPLE_KID_NOT_AT_HIS_HOUSE,"243, 246"
222,281,mouse,unset: APPLE_KID_NOT_AT_HIS_HOUSE,"242, 247"
223,198,bench,always: Unknown Flag,"242, 246"
224,414,junk,always: Unknown Flag,"244, 246"
225,225,open_can,always: Unknown Flag,"241, 246"
226,116,woman_smiling,unset: CHAOS_THEATER_STAGE_UNBLOCKED,"236, 230"
227,70,man_blue_blazer,always: Unknown Flag,"237, 231"
228,116,woman_smiling,set: CHAOS_THEATER_STAGE_UNBLOCKED,"238, 230"
229,120,girl_red_dress,set: RUNAWAY_BUS_FROM_TWOSON_TO_THREED,"236, 229"
230,74,cop,always: Unknown Flag,"233, 230"
231,120,girl_red_dress,set: RUNAWAY_FIVE_FAN_GIRL_OUTSIDE_BACKSTAGE,"212, 269"
232,118,teddy,unset: CHAOS_THEATER_AUDIENCE_ABSENT,"215, 270"
233,126,boy_fedora,unset: CHAOS_THEATER_AUDIENCE_ABSENT,"213, 269"
234,117,man_sunglasses,unset: CHAOS_THEATER_AUDIENCE_ABSENT,"217, 268"
235,68,woman red_dress,unset: CHAOS_THEATER_AUDIENCE_ABSENT,"214, 269"
236,79,mr_t,unset: CHAOS_THEATER_AUDIENCE_ABSENT,"210, 269"
237,58,woman_green_dress,unset: CHAOS_THEATER_AUDIENCE_ABSENT,"215, 268"
238,57,woman_black_dress,unset: CHAOS_THEATER_AUDIENCE_ABSENT,"216, 267"
239,56,man_bald,unset: CHAOS_THEATER_AUDIENCE_ABSENT,"222, 269"
240,60,drunk_man,unset: CHAOS_THEATER_AUDIENCE_ABSENT,"221, 269"
241,62,businessman_black_hair,unset: CHAOS_THEATER_AUDIENCE_ABSENT,"220, 270"
242,78,rasta_man,unset: CHAOS_THEATER_AUDIENCE_ABSENT,"219, 268"
243,361,hippy,unset: CHAOS_THEATER_AUDIENCE_ABSENT,"219, 268"
244,65,woman_blue_blazer,unset: CHAOS_THEATER_AUDIENCE_ABSENT,"218, 269"
245,66,woman_red_blazer,unset: CHAOS_THEATER_AUDIENCE_ABSENT,"213, 268"
246,59,prettyman,unset: CHAOS_THEATER_AUDIENCE_ABSENT,"212, 267"
247,120,girl_red_dress,unset: RUNAWAY_FIVE_FAN_GIRL_OUTSIDE_BACKSTAGE,"252, 235"
248,149,lucky,unset: RUNAWAY_FIVE_FREE_FROM_CHAOS_THEATER,"252, 234"
249,150,gorgeous,unset: RUNAWAY_FIVE_FREE_FROM_CHAOS_THEATER,"253, 234"
250,185,okay,unset: RUNAWAY_FIVE_FREE_FROM_CHAOS_THEATER,"249, 235"
251,186,nice,unset: RUNAWAY_FIVE_FREE_FROM_CHAOS_THEATER,"250, 233"
252,187,groovy,unset: RUNAWAY_FIVE_FREE_FROM_CHAOS_THEATER,"251, 234"
253,158,poochyfud,always: Unknown Flag,"237, 238"
254,157,everdred,set: EVERDRED_AT_HIS_HOUSE,"243, 254"
255,138,fast_food_clerk,always: Unknown Flag,"204, 242"
256,56,man_bald,always: Unknown Flag,"236, 226"
257,73,bellhop,always: Unknown Flag,"240, 226"
258,215,black_phone,always: Unknown Flag,"235, 226"
259,259,atm_machine,always: Unknown Flag,"241, 278"
260,73,bellhop,set: JUST_RESTED,"228, 259"
261,62,businessman_black_hair,always: Unknown Flag,"226, 261"
262,114,man_i_love_ny,always: Unknown Flag,"244, 242"
263,226,mushroom,always: Unknown Flag,"244, 241"
264,140,nurse,always: Unknown Flag,"247, 274"
265,189,healer,always: Unknown Flag,"242, 274"
266,139,doctor,always: Unknown Flag,"243, 230"
267,140,nurse,always: Unknown Flag,"244, 230"
268,56,man_bald,always: Unknown Flag,"210, 238"
269,64,man_orange_sweater,always: Unknown Flag,"227, 238"
270,118,teddy,always: Unknown Flag,"221, 247"
271,117,man_sunglasses,always: Unknown Flag,"232, 268"
272,52,old_man_cane,always: Unknown Flag,"229, 267"
273,56,man_bald,always: Unknown Flag,"227, 266"
274,111,bus_driver_walking,always: Unknown Flag,"231, 266"
275,259,atm_machine,always: Unknown Flag,"232, 266"
276,216,payphone,always: Unknown Flag,"229, 266"
277,178,businesswoman,always: Unknown Flag,"252, 242"
278,136,balding_man,unset: HINT_GUY_ABSENT,"251, 226"
279,123,boy_blue_cap,unset: CARPAINTER_DEFEATED,"210, 246"
280,123,boy_blue_cap,set: CARPAINTER_DEFEATED,"212, 255"
281,61,businessman_blonde,set: CARPAINTER_DEFEATED,"210, 255"
282,65,woman_blue_blazer,set: CARPAINTER_DEFEATED,"211, 254"
283,127,girl_ponytail,always: Unknown Flag,"227, 247"
284,131,cat,always: Unknown Flag,"220, 255"
285,64,man_orange_sweater,always: Unknown Flag,"219, 255"
286,259,atm_machine,always: Unknown Flag,"219, 233"
287,216,payphone,always: Unknown Flag,"218, 233"
288,141,marcie,always: Unknown Flag,"221, 233"
289,65,woman_blue_blazer,always: Unknown Flag,"222, 233"
290,70,man_blue_blazer,always: Unknown Flag,"220, 234"
291,142,???,always: Unknown Flag,"205, 227"
292,137,chef,always: Unknown Flag,"210, 226"
293,53,old_woman,always: Unknown Flag,"205, 230"
294,116,woman_smiling,always: Unknown Flag,"209, 230"
295,141,marcie,always: Unknown Flag,"219, 219"
296,64,man_orange_sweater,always: Unknown Flag,"220, 219"
297,121,girl_yellow_sunhat,unset: MASTER_BELCH_DEFEATED,"220, 222"
298,112,man_blue_oxford,always: Unknown Flag,"222, 220"
299,120,girl_red_dress,always: Unknown Flag,"211, 227"
300,115,pigpen,always: Unknown Flag,"218, 221"
301,118,teddy,always: Unknown Flag,"219, 233"
302,259,atm_machine,always: Unknown Flag,"221, 220"
303,68,woman red_dress,always: Unknown Flag,"39, 201"
304,55,man_blue_suit,always: Unknown Flag,"59, 216"
305,126,boy_fedora,always: Unknown Flag,"86, 221"
306,79,mr_t,always: Unknown Flag,"55, 204"
307,53,old_woman,always: Unknown Flag,"49, 206"
308,59,prettyman,always: Unknown Flag,"83, 222"
309,120,girl_red_dress,always: Unknown Flag,"80, 223"
310,130,ruffini,always: Unknown Flag,"68, 210"
311,78,rasta_man,always: Unknown Flag,"46, 217"
312,115,pigpen,always: Unknown Flag,"48, 217"
313,119,shy_guy,always: Unknown Flag,"43, 218"
314,71,man_vacation,always: Unknown Flag,"48, 215"
315,118,teddy,always: Unknown Flag,"54, 216"
316,137,chef,always: Unknown Flag,"50, 218"
317,96,snake_man,always: Unknown Flag,"51, 215"
318,53,old_woman,always: Unknown Flag,"45, 220"
319,175,orange_kid,set: APPLE_KID_IN_BURGLIN_PARK,"62, 227"
320,149,lucky,set: RUNAWAY_BUS_FROM_TWOSON_TO_THREED,"69, 205"
321,155,paulas_dad,set: PAULAS_DAD_OUTSIDE,"65, 221"
322,114,man_i_love_ny,unset: QUEUE_OUTSIDE_CHAOS_THEATER,"66, 204"
323,118,teddy,set: Unknown Flag,"64, 220"
324,79,mr_t,always: Unknown Flag,"47, 214"
325,117,man_sunglasses,always: Unknown Flag,"55, 213"
326,64,man_orange_sweater,unset: QUEUE_OUTSIDE_CHAOS_THEATER,"68, 204"
327,68,woman red_dress,unset: QUEUE_OUTSIDE_CHAOS_THEATER,"67, 203"
328,149,lucky,unset: QUEUE_OUTSIDE_CHAOS_THEATER,"72, 204"
329,150,gorgeous,unset: QUEUE_OUTSIDE_CHAOS_THEATER,"73, 203"
330,118,teddy,unset: VISITED_THREED,"38, 271"
331,113,man_green_oxford,always: Unknown Flag,"57, 197"
332,120,girl_red_dress,unset: PARTY_IS_ROBOTIFIED,"62, 224"
333,122,girl_yellow_dress,unset: PARTY_IS_ROBOTIFIED,"61, 224"
334,157,everdred,unset: EVERDRED_NOT_AT_ROOF,"42, 214"
335,281,mouse,set: APPLE_KID_IN_BURGLIN_PARK,"39, 221"
336,176,apple_kid,set: APPLE_KID_IN_BURGLIN_PARK,"41, 221"
337,363,cat_sleeping,unset: GIYGAS_DEFEATED,"66, 219"
338,361,hippy,always: Unknown Flag,"50, 213"
339,63,businessman_hat,always: Unknown Flag,"76, 222"
340,70,man_blue_blazer,set: GIYGAS_DEFEATED,"70, 204"
341,123,boy_blue_cap,unset: PARTY_IS_ROBOTIFIED,"65, 222"
342,68,woman red_dress,always: Unknown Flag,"50, 214"
343,188,mole,always: Unknown Flag,"39, 189"
344,305,monster_ghost,unset: MASTER_BELCH_DEFEATED,"216, 318"
345,305,monster_ghost,unset: MASTER_BELCH_DEFEATED,"215, 319"
346,305,monster_ghost,unset: MASTER_BELCH_DEFEATED,"232, 319"
347,305,monster_ghost,unset: MASTER_BELCH_DEFEATED,"236, 318"
348,305,monster_ghost,unset: MASTER_BELCH_DEFEATED,"196, 318"
349,305,monster_ghost,unset: MASTER_BELCH_DEFEATED,"200, 319"
350,198,bench,always: Unknown Flag,"76, 224"
351,198,bench,always: Unknown Flag,"65, 220"
352,202,bus_stop,always: Unknown Flag,"77, 224"
353,227,mailbox,always: Unknown Flag,"75, 209"
354,227,mailbox,always: Unknown Flag,"63, 221"
355,227,mailbox,always: Unknown Flag,"67, 233"
356,231,roadsign,always: Unknown Flag,"86, 222"
357,255,sportscar,always: Unknown Flag,"50, 198"
358,208,van,always: Unknown Flag,"62, 205"
359,211,bicycle,always: Unknown Flag,"46, 204"
360,206,taxi,always: Unknown Flag,"42, 205"
361,403,apple_kid_sign,always: Unknown Flag,"59, 230"
362,204,street_sign,always: Unknown Flag,"62, 199"
363,204,street_sign,always: Unknown Flag,"60, 204"
364,204,street_sign,always: Unknown Flag,"50, 206"
365,404,orange_kid_sign,always: Unknown Flag,"63, 226"
366,204,street_sign,always: Unknown Flag,"70, 206"
367,442,hotel_sign,always: Unknown Flag,"44, 204"
368,204,street_sign,always: Unknown Flag,"57, 222"
369,433,burglin_park_sign,always: Unknown Flag,"58, 215"
370,204,street_sign,always: Unknown Flag,"67, 224"
371,224,banana,always: Unknown Flag,"44, 220"
372,224,banana,always: Unknown Flag,"45, 220"
373,243,runaway_five_bus,set: RUNAWAY_BUS_FROM_TWOSON_TO_THREED,"67, 205"
374,243,runaway_five_bus,unset: RUNAWAY_FIVE_FREE_FROM_CHAOS_THEATER,"72, 203"
375,293,mani_mani,always: Unknown Flag,"236, 58"
376,159,carpainter,always: Unknown Flag,"236, 59"
377,55,man_blue_suit,always: Unknown Flag,"251, 54"
378,101,cultist,unset: CARPAINTER_DEFEATED,"252, 74"
379,101,cultist,unset: CARPAINTER_DEFEATED,"250, 72"
380,101,cultist,unset: CARPAINTER_DEFEATED,"250, 74"
381,101,cultist,unset: CARPAINTER_DEFEATED,"248, 74"
382,101,cultist,unset: CARPAINTER_DEFEATED,"248, 73"
383,101,cultist,unset: CARPAINTER_DEFEATED,"246, 73"
384,101,cultist,unset: CARPAINTER_DEFEATED,"245, 72"
385,101,cultist,unset: HH_HQ_CULTIST_1_DEFEATED,"248, 71"
386,101,cultist,unset: HH_HQ_CULTIST_2_DEFEATED,"245, 74"
387,101,cultist,unset: HH_HQ_CULTIST_3_DEFEATED,"245, 73"
388,101,cultist,unset: HH_HQ_CULTIST_4_DEFEATED,"242, 70"
389,101,cultist,unset: HH_HQ_CULTIST_5_DEFEATED,"243, 73"
390,101,cultist,unset: HH_HQ_CULTIST_6_DEFEATED,"238, 73"
391,101,cultist,unset: CARPAINTER_DEFEATED,"241, 75"
392,101,cultist,unset: CARPAINTER_DEFEATED,"241, 71"
393,101,cultist,unset: CARPAINTER_DEFEATED,"239, 71"
394,101,cultist,set: CARPAINTER_DEFEATED,"240, 72"
395,101,cultist,set: CARPAINTER_DEFEATED,"241, 73"
396,101,cultist,set: CARPAINTER_DEFEATED,"249, 71"
397,118,teddy,always: Unknown Flag,"234, 67"
398,78,rasta_man,always: Unknown Flag,"234, 67"
399,61,businessman_blonde,unset: CARPAINTER_DEFEATED,"236, 66"
400,65,woman_blue_blazer,unset: CARPAINTER_DEFEATED,"236, 66"
401,101,cultist,unset: CARPAINTER_DEFEATED,"236, 66"
402,171,mr_saturn,always: Unknown Flag,"250, 63"
403,64,man_orange_sweater,always: Unknown Flag,"222, 54"
404,52,old_man_cane,always: Unknown Flag,"220, 54"
405,178,businesswoman,always: Unknown Flag,"218, 54"
406,259,atm_machine,always: Unknown Flag,"219, 54"
407,216,payphone,always: Unknown Flag,"219, 55"
408,59,prettyman,always: Unknown Flag,"221, 50"
409,139,doctor,always: Unknown Flag,"236, 54"
410,140,nurse,always: Unknown Flag,"237, 54"
411,44,pokey,set: POKEY_OUTSIDE_HH_HQ,"116, 245"
412,69,man_eye_bags,unset: FOOD_STAND_MONITOR_DEFEATED,"126, 243"
413,116,woman_smiling,always: Unknown Flag,"116, 243"
414,361,hippy,always: Unknown Flag,"112, 250"
415,56,man_bald,always: Unknown Flag,"124, 254"
416,70,man_blue_blazer,always: Unknown Flag,"128, 242"
417,77,saxophonist,always: Unknown Flag,"127, 246"
418,65,woman_blue_blazer,always: Unknown Flag,"120, 247"
419,134,cow,always: Unknown Flag,"118, 253"
420,122,girl_yellow_dress,always: Unknown Flag,"113, 243"
421,115,pigpen,always: Unknown Flag,"130, 240"
422,68,woman red_dress,always: Unknown Flag,"122, 242"
423,64,man_orange_sweater,always: Unknown Flag,"129, 257"
424,119,shy_guy,always: Unknown Flag,"114, 256"
425,189,healer,always: Unknown Flag,"130, 250"
426,159,carpainter,set: MASTER_BELCH_DEFEATED,"117, 253"
427,188,mole,always: Unknown Flag,"114, 235"
428,227,mailbox,always: Unknown Flag,"119, 240"
429,227,mailbox,always: Unknown Flag,"129, 251"
430,227,mailbox,always: Unknown Flag,"113, 254"
431,211,bicycle,always: Unknown Flag,"130, 238"
432,213,sign,always: Unknown Flag,"112, 221"
433,213,sign,always: Unknown Flag,"124, 242"
434,224,banana,unset: CARPAINTER_DEFEATED,"124, 241"
435,213,sign,always: Unknown Flag,"128, 238"
436,249,cell_door,unset: PAULA_JOINS,"218, 306"
437,2,paula,unset: PAULA_JOINS,"217, 305"
438,51,teddy_bear,unset: PAULA_JOINS,"220, 306"
439,44,pokey,set: POKEY_OUTSIDE_PAULA_CABIN,"181, 41"
440,101,cultist,set: POKEY_OUTSIDE_PAULA_CABIN,"181, 41"
441,101,cultist,set: POKEY_OUTSIDE_PAULA_CABIN,"182, 41"
442,282,monster_crow,set: POKEY_OUTSIDE_PAULA_CABIN,"180, 41"
443,55,man_blue_suit,unset: CARPAINTER_DEFEATED,"154, 58"
444,121,girl_yellow_sunhat,always: Unknown Flag,"132, 72"
445,64,man_orange_sweater,set: CARPAINTER_DEFEATED,"153, 58"
446,381,misc_15,always: Unknown Flag,"155, 36"
447,381,misc_15,always: Unknown Flag,"182, 38"
448,188,mole,always: Unknown Flag,"140, 69"
449,231,roadsign,always: Unknown Flag,"150, 58"
450,265,pencil_statue,unset: PEACEFUL_REST_PENCIL_ERASED,"145, 43"
451,333,monster_your_sanctuary,unset: CONQUERED_SANCTUARY_2,"124, 35"
452,16,ness_unconscious,set: JUST_WOKE_UP_FROM_MAGICANT,"97, 256"
453,2,paula,set: JUST_WOKE_UP_FROM_MAGICANT,"96, 256"
454,3,jeff,set: JUST_WOKE_UP_FROM_MAGICANT,"97, 256"
455,4,poo,set: JUST_WOKE_UP_FROM_MAGICANT,"98, 256"
456,66,woman_red_blazer,unset: ZOMBIES_ON_TENT_FLOOR,"253, 316"
457,64,man_orange_sweater,unset: NERDY_GUY_AND_FAT_GUY_AT_CIRCUS_TENT,"252, 314"
458,65,woman_blue_blazer,unset: ZOMBIES_ON_TENT_FLOOR,"249, 319"
459,59,prettyman,unset: NERDY_GUY_AND_FAT_GUY_AT_CIRCUS_TENT,"254, 314"
460,308,monster_zombie,set: MASTER_BELCH_DEFEATED,"248, 316"
461,308,monster_zombie,set: MASTER_BELCH_DEFEATED,"249, 314"
462,308,monster_zombie,set: MASTER_BELCH_DEFEATED,"249, 316"
463,438,zombie_dead_2,set: ZOMBIES_ON_TENT_FLOOR,"251, 315"
464,438,zombie_dead_2,set: ZOMBIES_ON_TENT_FLOOR,"254, 316"
465,334,zombie_dead,set: ZOMBIES_ON_TENT_FLOOR,"252, 316"
466,334,zombie_dead,set: ZOMBIES_ON_TENT_FLOOR,"252, 315"
467,438,zombie_dead_2,set: ZOMBIES_ON_TENT_FLOOR,"250, 316"
468,334,zombie_dead,set: ZOMBIES_ON_TENT_FLOOR,"253, 317"
469,334,zombie_dead,set: ZOMBIES_ON_TENT_FLOOR,"250, 317"
470,438,zombie_dead_2,set: ZOMBIES_ON_TENT_FLOOR,"252, 317"
471,334,zombie_dead,set: ZOMBIES_ON_TENT_FLOOR,"251, 318"
472,334,zombie_dead,set: ZOMBIES_ON_TENT_FLOOR,"254, 318"
473,334,zombie_dead,set: ZOMBIES_ON_TENT_FLOOR,"252, 319"
474,438,zombie_dead_2,set: ZOMBIES_ON_TENT_FLOOR,"251, 318"
475,118,teddy,set: JEFF_JOINS,"248, 317"
476,56,man_bald,set: JEFF_JOINS,"251, 314"
477,59,prettyman,set: FIXED_SKYRUNNER_THREED,"212, 314"
478,64,man_orange_sweater,set: FIXED_SKYRUNNER_THREED,"210, 313"
479,381,misc_15,unset: OPENED_THREED_CEMETERY_UNDREGROUND_DOOR,"214, 313"
480,230,manhole,set: FIXED_SKYRUNNER_THREED,"211, 313"
481,240,broken_skyrunner,set: BROKEN_SKYRUNNER_THREED,"209, 314"
482,209,sky_runner,set: FIXED_SKYRUNNER_THREED,"211, 313"
483,73,bellhop,unset: ZOMBIE_CHICK_HOTEL_MUSIC,"210, 290"
484,87,threed_hotel_woman,set: ZOMBIE_CHICK_AT_HOTEL_1,"210, 291"
485,62,businessman_black_hair,set: MASTER_BELCH_DEFEATED,"211, 291"
486,70,man_blue_blazer,set: MASTER_BELCH_DEFEATED,"213, 290"
487,215,black_phone,always: Unknown Flag,"209, 289"
488,259,atm_machine,always: Unknown Flag,"225, 290"
489,87,threed_hotel_woman,set: ZOMBIE_CHICK_AT_HOTEL_2,"244, 290"
490,73,bellhop,set: JUST_RESTED,"244, 290"
491,73,bellhop,set: Unknown Flag,"248, 290"
492,87,threed_hotel_woman,set: ZOMBIE_CHICK_AT_HOTEL_3,"236, 295"
493,308,monster_zombie,set: ZOMBIE_CHICK_AT_HOTEL_3,"238, 294"
494,305,monster_ghost,set: ZOMBIE_CHICK_AT_HOTEL_3,"238, 295"
495,308,monster_zombie,set: ZOMBIE_CHICK_AT_HOTEL_3,"237, 295"
496,305,monster_ghost,set: ZOMBIE_CHICK_AT_HOTEL_3,"238, 295"
497,364,monster_zombie_dog,set: ZOMBIE_CHICK_AT_HOTEL_3,"236, 295"
498,61,businessman_blonde,always: Unknown Flag,"250, 295"
499,140,nurse,always: Unknown Flag,"210, 310"
500,56,man_bald,always: Unknown Flag,"211, 311"
501,189,healer,always: Unknown Flag,"213, 310"
502,119,shy_guy,always: Unknown Flag,"234, 290"
503,139,doctor,always: Unknown Flag,"227, 310"
504,64,man_orange_sweater,always: Unknown Flag,"254, 302"
505,52,old_man_cane,always: Unknown Flag,"253, 302"
506,259,atm_machine,always: Unknown Flag,"251, 302"
507,216,payphone,always: Unknown Flag,"251, 303"
508,138,fast_food_clerk,always: Unknown Flag,"220, 294"
509,137,chef,always: Unknown Flag,"251, 310"
510,136,balding_man,unset: HINT_GUY_ABSENT,"251, 306"
511,123,boy_blue_cap,set: VISITED_FOURSIDE,"235, 310"
512,63,businessman_hat,unset: MASTER_BELCH_DEFEATED,"219, 302"
513,66,woman_red_blazer,unset: VISITED_FOURSIDE,"235, 302"
514,68,woman red_dress,unset: VISITED_FOURSIDE,"218, 311"
515,119,shy_guy,always: Unknown Flag,"163, 293"
516,69,man_eye_bags,unset: MASTER_BELCH_DEFEATED,"185, 286"
517,113,man_green_oxford,unset: PEOPLE_IN_THREED_ABSENT,"166, 285"
518,122,girl_yellow_dress,unset: PEOPLE_IN_THREED_ABSENT,"188, 278"
519,56,man_bald,unset: ZOMBIES_ON_TENT_FLOOR,"161, 289"
520,112,man_blue_oxford,unset: SLIMY_LITTLE_PILE_1_DEFEATED_AND_THREED_BLOND_GUY_BY_TENT_ABSENT,"167, 284"
521,67,elevator_attendant,set: JEFF_JOINS,"190, 283"
522,123,boy_blue_cap,unset: VISITED_FOURSIDE,"170, 286"
523,281,mouse,unset: MASTER_BELCH_DEFEATED,"191, 278"
524,130,ruffini,always: Unknown Flag,"166, 303"
525,53,old_woman,unset: PEOPLE_IN_THREED_ABSENT,"157, 294"
526,54,old_man_hat,unset: MASTER_BELCH_DEFEATED,"188, 295"
527,115,pigpen,set: JEFF_JOINS,"172, 297"
528,121,girl_yellow_sunhat,set: MASTER_BELCH_DEFEATED,"183, 295"
529,117,man_sunglasses,set: MASTER_BELCH_DEFEATED,"184, 295"
530,120,girl_red_dress,set: MASTER_BELCH_DEFEATED,"184, 295"
531,271,unknown_5,set: BOOGEY_TENT_IN_THREED,"168, 300"
532,271,unknown_5,set: BOOGEY_TENT_IN_THREED,"169, 300"
533,272,boogie_tent,set: BOOGEY_TENT_IN_THREED,"169, 301"
534,308,monster_zombie,unset: ZOMBIE_GUARDS_AWAY,"161, 261"
535,308,monster_zombie,unset: ZOMBIE_GUARDS_AWAY,"162, 261"
536,144,arms_dealer,unset: PEOPLE_IN_THREED_ABSENT,"168, 289"
537,63,businessman_hat,set: ZOMBIE_CHICK_OUTSIDE_HOTEL,"166, 280"
538,87,threed_hotel_woman,set: ZOMBIE_CHICK_OUTSIDE_HOTEL,"172, 281"
539,59,prettyman,set: ZOMBIES_ON_TENT_FLOOR,"174, 285"
540,64,man_orange_sweater,set: ZOMBIES_ON_TENT_FLOOR,"174, 286"
541,65,woman_blue_blazer,set: ZOMBIES_ON_TENT_FLOOR,"175, 286"
542,66,woman_red_blazer,set: ZOMBIES_ON_TENT_FLOOR,"176, 284"
543,308,monster_zombie,set: MASTER_BELCH_DEFEATED,"158, 298"
544,308,monster_zombie,set: MASTER_BELCH_DEFEATED,"163, 302"
545,308,monster_zombie,set: MASTER_BELCH_DEFEATED,"164, 302"
546,305,monster_ghost,set: MASTER_BELCH_DEFEATED,"159, 303"
547,305,monster_ghost,set: MASTER_BELCH_DEFEATED,"172, 302"
548,330,monster_dog,set: MASTER_BELCH_DEFEATED,"174, 304"
549,381,misc_15,unset: ZOMBIE_GUARDS_AWAY,"163, 261"
550,381,misc_15,unset: ZOMBIE_GUARDS_AWAY,"162, 262"
551,115,pigpen,unset: Unknown Flag,"174, 281"
552,68,woman red_dress,set: HAPPY_THREED_PEOPLE,"154, 262"
553,55,man_blue_suit,set: HAPPY_THREED_PEOPLE,"152, 262"
554,65,woman_blue_blazer,set: HAPPY_THREED_PEOPLE,"154, 263"
555,70,man_blue_blazer,set: HAPPY_THREED_PEOPLE,"153, 263"
556,64,man_orange_sweater,set: HAPPY_THREED_PEOPLE,"170, 271"
557,112,man_blue_oxford,set: HAPPY_THREED_PEOPLE,"196, 293"
558,120,girl_red_dress,set: HAPPY_THREED_PEOPLE,"171, 273"
559,59,prettyman,set: HAPPY_THREED_PEOPLE,"169, 276"
560,124,boy_baseball_helmet,set: HAPPY_THREED_PEOPLE,"171, 274"
561,117,man_sunglasses,set: HAPPY_THREED_PEOPLE,"157, 266"
562,115,pigpen,set: MASTER_BELCH_DEFEATED,"160, 282"
563,63,businessman_hat,set: DETECTIVE_IN_THREED,"195, 274"
564,85,punk_man,set: PUNK_GUY_OUTSIDE_HIS_HOUSE_THREED,"195, 280"
565,118,teddy,set: MEN_ABOUT_TO_ENTER_CIRCUS_TENT,"172, 286"
566,56,man_bald,set: MEN_ABOUT_TO_ENTER_CIRCUS_TENT,"177, 286"
567,381,misc_15,always: Unknown Flag,"179, 260"
568,381,misc_15,always: Unknown Flag,"175, 284"
569,228,dont_enter,always: Unknown Flag,"176, 270"
570,202,bus_stop,always: Unknown Flag,"170, 280"
571,227,mailbox,always: Unknown Flag,"191, 293"
572,201,lamppost,always: Unknown Flag,"178, 271"
573,201,lamppost,always: Unknown Flag,"168, 272"
574,201,lamppost,always: Unknown Flag,"165, 278"
575,201,lamppost,always: Unknown Flag,"180, 279"
576,201,lamppost,always: Unknown Flag,"187, 273"
577,201,lamppost,always: Unknown Flag,"192, 287"
578,201,lamppost,always: Unknown Flag,"166, 293"
579,201,lamppost,always: Unknown Flag,"182, 291"
580,202,bus_stop,always: Unknown Flag,"172, 282"
581,198,bench,always: Unknown Flag,"171, 282"
582,214,trashcan,set: FLY_HONEY_TRASH_CAN_VISIBLE,"169, 300"
583,442,hotel_sign,always: Unknown Flag,"171, 280"
584,205,bus,set: MASTER_BELCH_DEFEATED,"181, 281"
585,305,monster_ghost,unset: MASTER_BELCH_DEFEATED,"148, 318"
586,305,monster_ghost,unset: MASTER_BELCH_DEFEATED,"152, 319"
587,305,monster_ghost,unset: MASTER_BELCH_DEFEATED,"157, 318"
588,305,monster_ghost,unset: MASTER_BELCH_DEFEATED,"159, 319"
589,305,monster_ghost,unset: MASTER_BELCH_DEFEATED,"164, 318"
590,315,monster_pile,unset: MINI_BARF_DEFEATED,"126, 177"
591,183,tony_bed,unset: TONY_JOINS,"225, 59"
592,15,jeff_bed,unset: JEFF_STARTS_HIS_JOURNEY,"226, 58"
593,414,junk,always: Unknown Flag,"229, 59"
594,69,man_eye_bags,always: Unknown Flag,"243, 50"
595,381,misc_15,always: Unknown Flag,"227, 49"
596,381,misc_15,always: Unknown Flag,"226, 50"
597,381,misc_15,always: Unknown Flag,"227, 50"
598,381,misc_15,always: Unknown Flag,"226, 50"
599,381,misc_15,always: Unknown Flag,"225, 51"
600,61,businessman_blonde,always: Unknown Flag,"248, 97"
601,112,man_blue_oxford,always: Unknown Flag,"249, 96"
602,113,man_green_oxford,always: Unknown Flag,"250, 97"
603,70,man_blue_blazer,always: Unknown Flag,"249, 97"
604,114,man_i_love_ny,always: Unknown Flag,"241, 59"
605,117,man_sunglasses,always: Unknown Flag,"244, 57"
606,64,man_orange_sweater,always: Unknown Flag,"237, 78"
607,68,woman red_dress,always: Unknown Flag,"235, 78"
608,115,pigpen,always: Unknown Flag,"233, 79"
609,46,bubble_monkey,unset: BUBBLE_MONKEY_JOINS,"237, 79"
610,215,black_phone,always: Unknown Flag,"236, 78"
611,259,atm_machine,always: Unknown Flag,"234, 79"
612,83,tessie_watcher,always: Unknown Flag,"225, 54"
613,83,tessie_watcher,always: Unknown Flag,"226, 62"
614,215,black_phone,always: Unknown Flag,"225, 61"
615,162,dr_andonuts,unset: ANDONUTS_AT_LAB_ABSENT,"249, 90"
616,281,mouse,set: APPLE_MOUSE_AT_WINTERS_LAB,"253, 90"
617,160,monkey_woman,set: MONKEYS_AT_WINTERS_LAB,"244, 91"
618,46,bubble_monkey,set: MONKEYS_AT_WINTERS_LAB,"245, 91"
619,329,monster_cave_boy,set: JEFF_JOINS,"251, 89"
620,215,black_phone,always: Unknown Flag,"250, 90"
621,230,manhole,unset: SKY_RUNNER_AT_WINTERS_LAB,"244, 89"
622,429,rejuvenator,always: Unknown Flag,"250, 88"
623,209,sky_runner,unset: SKY_RUNNER_AT_WINTERS_LAB,"244, 89"
624,113,man_green_oxford,unset: GIYGAS_DEFEATED,"130, 186"
625,70,man_blue_blazer,unset: GIYGAS_DEFEATED,"129, 186"
626,69,man_eye_bags,set: CAPTIVES_AT_STONEHENGE,"14, 75"
627,83,tessie_watcher,always: Unknown Flag,"12, 106"
628,83,tessie_watcher,always: Unknown Flag,"9, 106"
629,83,tessie_watcher,unset: CAPTIVES_AT_STONEHENGE,"15, 106"
630,46,bubble_monkey,set: BUBBLE_MONKEY_AT_LAKE_TESS,"20, 107"
631,161,brickroad,set: BRICK_ROAD_OUTSIDE_DUNGEON,"22, 147"
632,160,monkey_woman,set: BUBBLE_MONKEY_IN_PARTY,"13, 134"
633,59,prettyman,unset: STARMAN_DX_DEFEATED,"8, 142"
634,357,tony_prone,set: TONY_AT_BOARDING_SCHOOL_GATE,"15, 71"
635,83,tessie_watcher,always: Unknown Flag,"19, 104"
636,83,tessie_watcher,always: Unknown Flag,"23, 104"
637,160,monkey_woman,set: BUBBLE_MONKEYS_WIFE_AT_WINTERS,"17, 72"
638,69,man_eye_bags,set: GIYGAS_DEFEATED,"15, 72"
639,182,tony,set: GIYGAS_DEFEATED,"16, 72"
640,381,misc_15,always: Unknown Flag,"10, 136"
641,381,misc_15,always: Unknown Flag,"18, 107"
642,371,misc_5,set: LAKE_TESS_WIND_BLOWING,"19, 109"
643,371,misc_5,set: LAKE_TESS_WIND_BLOWING,"21, 110"
644,371,misc_5,set: LAKE_TESS_WIND_BLOWING,"21, 111"
645,265,pencil_statue,unset: WINTERS_PENCIL_ERASED,"26, 148"
646,213,sign,always: Unknown Flag,"25, 145"
647,222,waterdrop,always: Unknown Flag,"9, 118"
648,222,waterdrop,always: Unknown Flag,"11, 118"
649,222,waterdrop,always: Unknown Flag,"9, 119"
650,222,waterdrop,always: Unknown Flag,"10, 119"
651,222,waterdrop,always: Unknown Flag,"11, 120"
652,222,waterdrop,always: Unknown Flag,"9, 120"
653,222,waterdrop,always: Unknown Flag,"10, 120"
654,371,misc_5,set: LAKE_TESS_WIND_BLOWING,"19, 111"
655,368,misc_2,set: LAKE_TESS_WIND_BLOWING,"17, 108"
656,369,misc_3,set: LAKE_TESS_WIND_BLOWING,"17, 110"
657,176,apple_kid,unset: STARMAN_DX_DEFEATED,"244, 190"
658,176,apple_kid,set: SHYNESS_BOOK_AT_LIBRARY,"245, 191"
659,171,mr_saturn,unset: STARMAN_DX_DEFEATED,"243, 189"
660,171,mr_saturn,set: SHYNESS_BOOK_AT_LIBRARY,"247, 191"
661,182,tony,unset: STARMAN_DX_DEFEATED,"242, 190"
662,182,tony,set: SHYNESS_BOOK_AT_LIBRARY,"243, 190"
663,83,tessie_watcher,unset: STARMAN_DX_DEFEATED,"242, 189"
664,83,tessie_watcher,set: SHYNESS_BOOK_AT_LIBRARY,"246, 190"
665,79,mr_t,set: SHYNESS_BOOK_AT_LIBRARY,"242, 191"
666,361,hippy,set: SHYNESS_BOOK_AT_LIBRARY,"241, 190"
667,162,dr_andonuts,unset: STARMAN_DX_DEFEATED,"243, 189"
668,162,dr_andonuts,set: SHYNESS_BOOK_AT_LIBRARY,"244, 191"
669,79,mr_t,unset: STARMAN_DX_DEFEATED,"244, 189"
670,361,hippy,unset: STARMAN_DX_DEFEATED,"245, 190"
671,407,eraser_statue,unset: IRON_ERASER_ERASED,"202, 189"
672,303,monster_starman,unset: STARMAN_DX_ABSENT,"252, 147"
673,451,exit_mouse_owner,always: Unknown Flag,"210, 183"
674,436,exit_mouse,unset: HAS_EXIT_MOUSE,"211, 182"
675,436,exit_mouse,always: Unknown Flag,"212, 182"
676,333,monster_your_sanctuary,unset: CONQUERED_SANCTUARY_4,"160, 5"
677,356,rope_coiled,unset: WINTERS_ROPE_LOWERED,"157, 10"
678,287,monster_duck,unset: BRICK_ROAD_DUNGEON_DUCK_1_DEFEATED,"50, 115"
679,287,monster_duck,unset: BRICK_ROAD_DUNGEON_DUCK_2_DEFEATED,"46, 113"
680,195,present,unset: BRICK_ROAD_DUNGEON_PROTOPLASM_1_DEFEATED,"50, 116"
681,195,present,unset: BRICK_ROAD_DUNGEON_PROTOPLASM_2_DEFEATED,"40, 110"
682,416,monster_mouse,unset: BRICK_ROAD_DUNGEON_MOUSE_1_DEFEATED,"52, 110"
683,416,monster_mouse,unset: BRICK_ROAD_DUNGEON_MOUSE_2_DEFEATED,"38, 114"
684,215,black_phone,always: Unknown Flag,"36, 116"
685,213,sign,always: Unknown Flag,"61, 110"
686,213,sign,always: Unknown Flag,"49, 110"
687,213,sign,always: Unknown Flag,"35, 116"
688,315,monster_pile,unset: SLIMY_LITTLE_PILE_1_DEFEATED_AND_THREED_BLOND_GUY_BY_TENT_ABSENT,"102, 172"
689,315,monster_pile,unset: MASTER_BELCH_DEFEATED,"97, 178"
690,315,monster_pile,unset: MASTER_BELCH_DEFEATED,"96, 179"
691,315,monster_pile,unset: SLIMY_LITTLE_PILE_2_DEFEATED,"68, 179"
692,315,monster_pile,unset: SLIMY_LITTLE_PILE_3_DEFEATED,"87, 172"
693,171,mr_saturn,unset: MASTER_BELCH_DEFEATED,"96, 176"
694,171,mr_saturn,unset: MASTER_BELCH_DEFEATED,"97, 176"
695,248,fly_honey,always: Unknown Flag,"99, 176"
696,248,fly_honey,always: Unknown Flag,"100, 176"
697,328,monster_belch,unset: MASTER_BELCH_DEFEATED,"139, 148"
698,263,ball_and_chain,always: Unknown Flag,"97, 176"
699,263,ball_and_chain,always: Unknown Flag,"98, 176"
700,16,ness_unconscious,set: JUST_WOKE_UP_FROM_MAGICANT,"24, 166"
701,2,paula,set: JUST_WOKE_UP_FROM_MAGICANT,"24, 166"
702,3,jeff,set: JUST_WOKE_UP_FROM_MAGICANT,"24, 166"
703,4,poo,set: JUST_WOKE_UP_FROM_MAGICANT,"25, 166"
704,257,waterspout,always: Unknown Flag,"22, 166"
705,333,monster_your_sanctuary,unset: CONQUERED_SANCTUARY_3,"229, 72"
706,171,mr_saturn,set: HAPPY_THREED_PEOPLE,"238, 222"
707,171,mr_saturn,set: HAPPY_THREED_PEOPLE,"253, 222"
708,54,old_man_hat,unset: VISITED_SATURN_VALLEY,"199, 71"
709,381,misc_15,always: Unknown Flag,"202, 7"
710,171,mr_saturn,always: Unknown Flag,"201, 251"
711,215,black_phone,always: Unknown Flag,"202, 248"
712,171,mr_saturn,always: Unknown Flag,"226, 249"
713,171,mr_saturn,always: Unknown Flag,"242, 251"
714,171,mr_saturn,set: NESS_NIGHTMARE_DEFEATED,"241, 251"
715,171,mr_saturn,always: Unknown Flag,"242, 250"
716,447,atm_machine_saturn,always: Unknown Flag,"241, 250"
717,215,black_phone,always: Unknown Flag,"241, 248"
718,171,mr_saturn,unset: PARTY_IS_ROBOTIFIED,"11, 243"
719,171,mr_saturn,unset: PARTY_IS_ROBOTIFIED,"13, 238"
720,171,mr_saturn,set: MASTER_BELCH_DEFEATED,"12, 229"
721,171,mr_saturn,unset: PARTY_IS_ROBOTIFIED,"17, 235"
722,171,mr_saturn,unset: PARTY_IS_ROBOTIFIED,"9, 228"
723,171,mr_saturn,set: MASTER_BELCH_DEFEATED,"17, 231"
724,171,mr_saturn,set: MASTER_BELCH_DEFEATED,"15, 233"
725,171,mr_saturn,set: MASTER_BELCH_DEFEATED,"16, 238"
726,171,mr_saturn,set: MASTER_BELCH_DEFEATED,"6, 240"
727,176,apple_kid,set: VISITED_UNDERWORLD,"10, 239"
728,162,dr_andonuts,set: VISITED_UNDERWORLD,"12, 239"
729,172,george_montague,set: UNDERWORLD_TENDA_GATE_OPEN,"10, 236"
730,171,mr_saturn,set: GIYGAS_DEFEATED,"4, 238"
731,171,mr_saturn,set: GIYGAS_DEFEATED,"13, 236"
732,171,mr_saturn,set: MASTER_BELCH_DEFEATED,"15, 229"
733,281,mouse,set: GIYGAS_DEFEATED,"9, 238"
734,3,jeff,set: GIYGAS_DEFEATED,"13, 239"
735,171,mr_saturn,set: PARTY_IS_ROBOTIFIED,"10, 237"
736,381,misc_15,always: Unknown Flag,"19, 230"
737,171,mr_saturn,always: Unknown Flag,"98, 164"
738,171,mr_saturn,always: Unknown Flag,"102, 163"
739,171,mr_saturn,always: Unknown Flag,"100, 163"
740,171,mr_saturn,always: Unknown Flag,"100, 162"
741,210,phase_distorter,set: NESS_NIGHTMARE_DEFEATED,"12, 237"
742,405,spa_sign,always: Unknown Flag,"16, 230"
743,213,sign,always: Unknown Flag,"16, 228"
744,195,present,set: PRESENTS_AT_SATURN_VALLEY,"12, 236"
745,195,present,set: PRESENTS_AT_SATURN_VALLEY,"9, 237"
746,195,present,set: PRESENTS_AT_SATURN_VALLEY,"14, 238"
747,64,man_orange_sweater,always: Unknown Flag,"243, 66"
748,69,man_eye_bags,always: Unknown Flag,"241, 67"
749,52,old_man_cane,always: Unknown Flag,"242, 67"
750,259,atm_machine,always: Unknown Flag,"245, 66"
751,215,black_phone,always: Unknown Flag,"244, 66"
752,173,construction-worker,always: Unknown Flag,"250, 59"
753,215,black_phone,always: Unknown Flag,"251, 59"
754,66,woman_red_blazer,unset: TRAFFIC_JAM_CLEARED,"54, 315"
755,70,man_blue_blazer,unset: TRAFFIC_JAM_CLEARED,"58, 312"
756,71,man_vacation,unset: TRAFFIC_JAM_CLEARED,"57, 313"
757,118,teddy,unset: TRAFFIC_JAM_CLEARED,"57, 312"
758,103,tanning_man,always: Unknown Flag,"63, 288"
759,104,tanning_woman,always: Unknown Flag,"64, 288"
760,172,george_montague,unset: Unknown Flag,"111, 302"
761,68,woman red_dress,set: DESERT_MINE_EXPANDED,"114, 299"
762,120,girl_red_dress,set: DESERT_MINE_EXPANDED,"114, 298"
763,118,teddy,set: DESERT_MINE_EXPANDED,"116, 298"
764,63,businessman_hat,set: DESERT_MINE_EXPANDED,"118, 299"
765,110,slot_machine_brother,always: Unknown Flag,"99, 309"
766,110,slot_machine_brother,always: Unknown Flag,"100, 309"
767,110,slot_machine_brother,always: Unknown Flag,"101, 309"
768,133,monkey,always: Unknown Flag,"75, 292"
769,144,arms_dealer,always: Unknown Flag,"46, 307"
770,173,construction-worker,set: DIAMOND_TO_BE_DELIVERED,"156, 312"
771,133,monkey,always: Unknown Flag,"48, 302"
772,133,monkey,set: TELEPORT_MONKEY_NEAR_MONKEY_CAVE_ENTRANCE,"46, 303"
773,133,monkey,set: TELEPORT_MONKEY_NEAR_DESERT_ROAD,"38, 312"
774,189,healer,set: DESERT_MINE_EXPANDED,"117, 298"
775,114,man_i_love_ny,set: DESERT_MINE_EXPANDED,"118, 297"
776,381,misc_15,always: Unknown Flag,"176, 311"
777,381,misc_15,set: DESERT_MINE_EXPANDED,"116, 299"
778,213,sign,always: Unknown Flag,"92, 282"
779,235,arcade_game,always: Unknown Flag,"98, 310"
780,236,bones,always: Unknown Flag,"58, 293"
781,236,bones,always: Unknown Flag,"97, 292"
782,238,black_sesame_seed,always: Unknown Flag,"63, 279"
783,237,white_sesame_seed,always: Unknown Flag,"91, 300"
784,255,sportscar,unset: TRAFFIC_JAM_CLEARED,"56, 312"
785,206,taxi,unset: TRAFFIC_JAM_CLEARED,"61, 312"
786,459,red_truck_2,unset: TRAFFIC_JAM_CLEARED,"58, 312"
787,460,van_2,unset: TRAFFIC_JAM_CLEARED,"58, 315"
788,229,cart,set: DESERT_MINE_EXPANDED,"118, 297"
789,207,red_truck,unset: TRAFFIC_JAM_CLEARED,"62, 313"
790,202,bus_stop,always: Unknown Flag,"48, 311"
791,202,bus_stop,always: Unknown Flag,"47, 314"
792,213,sign,always: Unknown Flag,"107, 301"
793,254,backhoe,unset: DESERT_MINE_BULLDOZER_MOVED,"113, 303"
794,269,sparkle_tiny,unset: GOT_CONTACT_LENS,"95, 279"
795,254,backhoe,set: DIAMOND_TO_BE_DELIVERED,"156, 312"
796,254,backhoe,set: DESERT_MINE_BULLDOZER_MOVED,"116, 303"
797,177,tala_lama,unset: QUEST_TO_YOGURT_MACHINE,"224, 166"
798,133,monkey,unset: QUEST_TO_YOGURT_MACHINE,"225, 166"
799,133,monkey,unset: MONKEY_CAVE_PICNIC_LUNCH,"193, 170"
800,133,monkey,unset: MONKEY_CAVE_SKIP_SANDWICH,"195, 170"
801,133,monkey,set: MONKEY_CAVE_PICNIC_LUNCH,"193, 169"
802,133,monkey,set: MONKEY_CAVE_SKIP_SANDWICH,"194, 169"
803,160,monkey_woman,unset: MONKEY_CAVE_PIZZA_1,"193, 178"
804,133,monkey,unset: MONKEY_CAVE_WET_TOWEL,"195, 178"
805,160,monkey_woman,set: MONKEY_CAVE_PIZZA_1,"194, 178"
806,133,monkey,set: MONKEY_CAVE_WET_TOWEL,"195, 178"
807,133,monkey,unset: MONKEY_CAVE_HAMBURGER_2,"193, 194"
808,133,monkey,unset: MONKEY_CAVE_HAMBURGER_1,"194, 194"
809,133,monkey,set: MONKEY_CAVE_HAMBURGER_2,"192, 193"
810,133,monkey,set: MONKEY_CAVE_HAMBURGER_1,"195, 193"
811,133,monkey,unset: TALKED_TO_FRESH_EGG_GIVING_MONKEY,"194, 186"
812,133,monkey,set: TALKED_TO_FRESH_EGG_GIVING_MONKEY,"193, 186"
813,133,monkey,unset: MONKEY_CAVE_PIZZA_2,"201, 162"
814,133,monkey,unset: MONKEY_CAVE_PROTEIN_DRINK,"202, 162"
815,133,monkey,set: MONKEY_CAVE_PIZZA_2,"200, 161"
816,133,monkey,set: MONKEY_CAVE_PROTEIN_DRINK,"203, 161"
817,160,monkey_woman,unset: MONKEY_CAVE_RULER,"209, 177"
818,133,monkey,unset: MONKEY_CAVE_FRESH_EGG,"213, 178"
819,160,monkey_woman,set: MONKEY_CAVE_RULER,"210, 177"
820,133,monkey,set: MONKEY_CAVE_FRESH_EGG,"212, 177"
821,160,monkey_woman,always: Unknown Flag,"209, 186"
822,133,monkey,unset: MONKEY_CAVE_HAMBURGER_3,"241, 186"
823,133,monkey,unset: MONKEY_CAVE_KING_BANANA,"243, 186"
824,133,monkey,set: MONKEY_CAVE_HAMBURGER_3,"241, 185"
825,133,monkey,set: MONKEY_CAVE_KING_BANANA,"242, 185"
826,133,monkey,always: Unknown Flag,"251, 178"
827,265,pencil_statue,unset: MONKEY_CAVE_PENCIL_ERASED,"249, 178"
828,133,monkey,unset: TELEPORT_MONKEY_NOT_AT_CAVE,"235, 213"
829,177,tala_lama,always: Unknown Flag,"236, 213"
830,172,george_montague,set: Unknown Flag,"251, 213"
831,419,monster_mole_no_3,unset: GUARDIAN_MOLE_1_DEFEATED,"228, 170"
832,419,monster_mole_no_3,unset: GUARDIAN_MOLE_2_DEFEATED,"211, 194"
833,419,monster_mole_no_3,unset: GUARDIAN_MOLE_3_DEFEATED,"204, 206"
834,451,exit_mouse_owner,always: Unknown Flag,"227, 188"
835,436,exit_mouse,unset: HAS_EXIT_MOUSE,"226, 188"
836,436,exit_mouse,always: Unknown Flag,"226, 187"
837,419,monster_mole_no_3,unset: GUARDIAN_MOLE_4_DEFEATED,"196, 161"
838,419,monster_mole_no_3,unset: GUARDIAN_MOLE_5_DEFEATED,"253, 163"
839,66,woman_red_blazer,always: Unknown Flag,"139, 154"
840,61,businessman_blonde,unset: TOPOLLA_THEATER_BACKSTAGE_UNBLOCKED,"140, 183"
841,61,businessman_blonde,set: TOPOLLA_THEATER_BACKSTAGE_UNBLOCKED,"141, 182"
842,165,venus,set: Unknown Flag,"172, 210"
843,149,lucky,unset: Unknown Flag,"171, 211"
844,186,nice,unset: Unknown Flag,"170, 210"
845,185,okay,unset: Unknown Flag,"171, 210"
846,150,gorgeous,unset: Unknown Flag,"172, 211"
847,187,groovy,unset: Unknown Flag,"170, 210"
848,62,businessman_black_hair,always: Unknown Flag,"157, 172"
849,61,businessman_blonde,unset: Unknown Flag,"155, 172"
850,61,businessman_blonde,set: Unknown Flag,"156, 172"
851,71,man_vacation,set: VENUS_AND_RUNAWAY_FANS_AT_TOPOLLA,"148, 172"
852,72,woman_vacation,set: VENUS_AND_RUNAWAY_FANS_AT_TOPOLLA,"149, 172"
853,137,chef,always: Unknown Flag,"140, 170"
854,58,woman_green_dress,always: Unknown Flag,"138, 171"
855,79,mr_t,always: Unknown Flag,"163, 186"
856,67,elevator_attendant,always: Unknown Flag,"162, 158"
857,61,businessman_blonde,always: Unknown Flag,"175, 170"
858,62,businessman_black_hair,always: Unknown Flag,"173, 169"
859,67,elevator_attendant,always: Unknown Flag,"174, 168"
860,164,monotoli,set: GIYGAS_DEFEATED,"171, 169"
861,216,payphone,always: Unknown Flag,"171, 168"
862,109,bodyguard,always: Unknown Flag,"186, 202"
863,109,bodyguard,always: Unknown Flag,"188, 203"
864,67,elevator_attendant,always: Unknown Flag,"162, 166"
865,48,pokey_suit,unset: FOURSIDE_FREE_FROM_MONOTOLI,"175, 175"
866,109,bodyguard,unset: FOURSIDE_FREE_FROM_MONOTOLI,"173, 175"
867,109,bodyguard,unset: FOURSIDE_FREE_FROM_MONOTOLI,"176, 175"
868,147,aloysius,unset: FOURSIDE_FREE_FROM_MONOTOLI,"171, 160"
869,67,elevator_attendant,set: CAN_ACCESS_48TH_MONOTILI_FLOOR,"162, 174"
870,67,elevator_attendant,always: Unknown Flag,"162, 182"
871,396,electra,always: Unknown Flag,"186, 179"
872,164,monotoli,unset: TREMBLING_MONOTOLI_AT_48TH_FLOOR_ABSENT,"176, 187"
873,2,paula,unset: MONSTERS_IN_WINTERS,"174, 188"
874,164,monotoli,set: MONOTOLI_AT_48TH_FLOOR,"173, 188"
875,59,prettyman,set: GIYGAS_DEFEATED,"173, 187"
876,331,monster_bear,always: Unknown Flag,"175, 187"
877,430,misc_25,unset: TREMBLING_MONOTOLI_AT_48TH_FLOOR_ABSENT,"170, 188"
878,430,misc_25,set: TREMBLING_MONOTOLI_AT_48TH_FLOOR_ABSENT,"170, 187"
879,310,monster_securitybot,unset: SENTRY_ROBOT_1_DEFEATED,"187, 155"
880,310,monster_securitybot,unset: SENTRY_ROBOT_2_DEFEATED,"188, 163"
881,310,monster_securitybot,unset: SENTRY_ROBOT_3_DEFEATED,"179, 183"
882,310,monster_securitybot,unset: SENTRY_ROBOT_4_DEFEATED,"172, 183"
883,418,monster_clumsy_robot,unset: SENTRY_ROBOT_6_DEFEATED,"187, 187"
884,149,lucky,set: RUNAWAY_FIVE_AT_CLUMSY_ROBOT_ROOM,"185, 187"
885,150,gorgeous,set: RUNAWAY_FIVE_AT_CLUMSY_ROBOT_ROOM,"186, 186"
886,185,okay,set: RUNAWAY_FIVE_AT_CLUMSY_ROBOT_ROOM,"186, 187"
887,186,nice,set: RUNAWAY_FIVE_AT_CLUMSY_ROBOT_ROOM,"187, 186"
888,187,groovy,set: RUNAWAY_FIVE_AT_CLUMSY_ROBOT_ROOM,"188, 187"
889,310,monster_securitybot,unset: SENTRY_ROBOT_5_DEFEATED,"163, 171"
890,56,man_bald,always: Unknown Flag,"186, 190"
891,73,bellhop,always: Unknown Flag,"189, 190"
892,215,black_phone,always: Unknown Flag,"185, 189"
893,259,atm_machine,always: Unknown Flag,"185, 182"
894,70,man_blue_blazer,always: Unknown Flag,"173, 199"
895,73,bellhop,set: JUST_RESTED,"176, 198"
896,84,bartender,always: Unknown Flag,"171, 206"
897,108,woman_gold_necklace,unset: DEPT_STORE_SPOOK_DEFEATED,"173, 206"
898,108,woman_gold_necklace,set: DEPT_STORE_SPOOK_DEFEATED,"173, 206"
899,69,man_eye_bags,always: Unknown Flag,"170, 207"
900,60,drunk_man,always: Unknown Flag,"169, 207"
901,59,prettyman,unset: GIYGAS_DEFEATED,"172, 207"
902,147,aloysius,set: GIYGAS_DEFEATED,"171, 207"
903,234,jukebox,always: Unknown Flag,"170, 206"
904,281,mouse,always: Unknown Flag,"147, 155"
905,246,mani_mani_broken,always: Unknown Flag,"150, 157"
906,68,woman red_dress,always: Unknown Flag,"187, 214"
907,381,misc_15,always: Unknown Flag,"187, 213"
908,174,museum_curator,unset: FOURSIDE_SEWERS_OPEN,"137, 166"
909,174,museum_curator,set: FOURSIDE_SEWERS_OPEN,"139, 165"
910,52,old_man_cane,always: Unknown Flag,"148, 165"
911,121,girl_yellow_sunhat,always: Unknown Flag,"145, 165"
912,114,man_i_love_ny,always: Unknown Flag,"144, 164"
913,381,misc_15,always: Unknown Flag,"145, 163"
914,140,nurse,always: Unknown Flag,"179, 194"
915,189,healer,always: Unknown Flag,"174, 194"
916,139,doctor,always: Unknown Flag,"139, 158"
917,140,nurse,always: Unknown Flag,"137, 159"
918,53,old_woman,always: Unknown Flag,"186, 198"
919,123,boy_blue_cap,always: Unknown Flag,"187, 199"
920,141,marcie,unset: FOURSIDE_DEPT_BLACKOUT,"159, 212"
921,67,elevator_attendant,unset: FOURSIDE_DEPT_BLACKOUT,"161, 212"
922,67,elevator_attendant,unset: FOURSIDE_DEPT_BLACKOUT,"159, 197"
923,64,man_orange_sweater,unset: FOURSIDE_DEPT_BLACKOUT,"156, 197"
924,109,bodyguard,unset: FOURSIDE_DEPT_BLACKOUT,"145, 207"
925,142,???,unset: FOURSIDE_DEPT_BLACKOUT,"141, 205"
926,138,fast_food_clerk,unset: FOURSIDE_DEPT_BLACKOUT,"144, 208"
927,57,woman_black_dress,unset: FOURSIDE_DEPT_BLACKOUT,"156, 201"
928,122,girl_yellow_dress,unset: FOURSIDE_DEPT_BLACKOUT,"142, 192"
929,124,boy_baseball_helmet,unset: FOURSIDE_DEPT_BLACKOUT,"139, 194"
930,114,man_i_love_ny,unset: FOURSIDE_DEPT_BLACKOUT,"145, 195"
931,281,mouse,unset: FOURSIDE_DEPT_BLACKOUT,"156, 212"
932,137,chef,unset: FOURSIDE_DEPT_BLACKOUT,"145, 204"
933,116,woman_smiling,unset: FOURSIDE_DEPT_BLACKOUT,"141, 192"
934,70,man_blue_blazer,unset: FOURSIDE_DEPT_BLACKOUT,"146, 191"
935,381,misc_15,always: Unknown Flag,"142, 192"
936,144,arms_dealer,unset: FOURSIDE_DEPT_BLACKOUT,"186, 174"
937,259,atm_machine,always: Unknown Flag,"155, 211"
938,216,payphone,always: Unknown Flag,"157, 211"
939,229,cart,unset: FOURSIDE_DEPT_BLACKOUT,"144, 208"
940,259,atm_machine,always: Unknown Flag,"148, 193"
941,455,dept_store_spook,set: FOURSIDE_DEPT_BLACKOUT,"187, 158"
942,55,man_blue_suit,always: Unknown Flag,"83, 152"
943,65,woman_blue_blazer,always: Unknown Flag,"93, 134"
944,77,saxophonist,always: Unknown Flag,"105, 144"
945,63,businessman_hat,always: Unknown Flag,"93, 148"
946,114,man_i_love_ny,always: Unknown Flag,"99, 138"
947,118,teddy,always: Unknown Flag,"92, 128"
948,60,drunk_man,always: Unknown Flag,"83, 110"
949,74,cop,always: Unknown Flag,"118, 143"
950,74,cop,always: Unknown Flag,"104, 126"
951,396,electra,set: ELECTRA_OUTSIDE_BUILDING,"110, 131"
952,180,everdred_dead,set: EVERDRED_OUTSIDE_CAFE,"83, 121"
953,116,woman_smiling,set: EVERDRED_OUTSIDE_CAFE,"81, 122"
954,68,woman red_dress,set: EVERDRED_OUTSIDE_CAFE,"82, 123"
955,117,man_sunglasses,set: EVERDRED_OUTSIDE_CAFE,"83, 123"
956,115,pigpen,set: EVERDRED_OUTSIDE_CAFE,"83, 122"
957,57,woman_black_dress,set: EVERDRED_OUTSIDE_CAFE,"81, 121"
958,58,woman_green_dress,set: EVERDRED_OUTSIDE_CAFE,"81, 122"
959,85,punk_man,always: Unknown Flag,"121, 117"
960,149,lucky,set: RUNAWAY_BUS_FROM_FOURSIDE_TO_THREED,"108, 129"
961,62,businessman_black_hair,always: Unknown Flag,"101, 141"
962,114,man_i_love_ny,unset: RUNAWAY_FIVE_FREE_FROM_TOPOLLA_THEATER,"112, 134"
963,52,old_man_cane,unset: RUNAWAY_FIVE_FREE_FROM_TOPOLLA_THEATER,"113, 135"
964,70,man_blue_blazer,set: BLOND_GUY_IN_FOURSIDE,"98, 143"
965,117,man_sunglasses,unset: CONQUERED_SANCTUARY_5,"119, 126"
966,116,woman_smiling,unset: CONQUERED_SANCTUARY_5,"115, 125"
967,133,monkey,set: CHARRED_MONKEY_OUTSIDE_JACKIES_CAFE,"77, 120"
968,13,burnt,set: MONKEY_OUTSIDE_JACKIES_CAFE,"80, 120"
969,115,pigpen,always: Unknown Flag,"111, 107"
970,446,hint_man,unset: HINT_GUY_ABSENT,"86, 139"
971,381,misc_15,always: Unknown Flag,"110, 123"
972,202,bus_stop,always: Unknown Flag,"77, 157"
973,198,bench,always: Unknown Flag,"78, 157"
974,198,bench,always: Unknown Flag,"94, 125"
975,201,lamppost,always: Unknown Flag,"93, 123"
976,201,lamppost,always: Unknown Flag,"97, 123"
977,201,lamppost,always: Unknown Flag,"90, 126"
978,201,lamppost,always: Unknown Flag,"101, 127"
979,201,lamppost,always: Unknown Flag,"93, 132"
980,201,lamppost,always: Unknown Flag,"100, 136"
981,201,lamppost,always: Unknown Flag,"102, 133"
982,204,street_sign,always: Unknown Flag,"95, 117"
983,204,street_sign,always: Unknown Flag,"86, 126"
984,204,street_sign,always: Unknown Flag,"106, 131"
985,204,street_sign,always: Unknown Flag,"97, 140"
986,204,street_sign,always: Unknown Flag,"86, 151"
987,409,sparkling_stone,always: Unknown Flag,"120, 129"
988,225,open_can,always: Unknown Flag,"109, 108"
989,410,helicopter_body,unset: POKEY_FLIES_AWAY_BY_HELICOPTER,"105, 118"
990,420,helicopter_blades,unset: POKEY_FLIES_AWAY_BY_HELICOPTER,"108, 117"
991,424,misc_21,unset: POKEY_FLIES_AWAY_BY_HELICOPTER,"108, 119"
992,230,manhole,unset: POKEY_FLIES_AWAY_BY_HELICOPTER,"106, 117"
993,442,hotel_sign,always: Unknown Flag,"82, 148"
994,243,runaway_five_bus,set: RUNAWAY_BUS_FROM_FOURSIDE_TO_THREED,"110, 129"
995,333,monster_your_sanctuary,unset: CONQUERED_SANCTUARY_5,"111, 100"
996,69,man_eye_bags,always: Unknown Flag,"245, 286"
997,66,woman_red_blazer,always: Unknown Flag,"243, 286"
998,70,man_blue_blazer,always: Unknown Flag,"245, 286"
999,59,prettyman,always: Unknown Flag,"242, 286"
1000,79,mr_t,always: Unknown Flag,"242, 286"
1001,142,???,always: Unknown Flag,"241, 287"
1002,181,magic_cake_woman,unset: MAGIC_CAKE_LADY_AT_BEACH,"246, 287"
1003,91,sailor_red,always: Unknown Flag,"212, 298"
1004,91,sailor_red,always: Unknown Flag,"226, 299"
1005,78,rasta_man,always: Unknown Flag,"242, 298"
1006,77,saxophonist,always: Unknown Flag,"226, 307"
1007,130,ruffini,always: Unknown Flag,"227, 307"
1008,90,sailor_blue,always: Unknown Flag,"243, 306"
1009,259,atm_machine,always: Unknown Flag,"241, 306"
1010,216,payphone,always: Unknown Flag,"240, 307"
1011,71,man_vacation,always: Unknown Flag,"212, 285"
1012,116,woman_smiling,always: Unknown Flag,"209, 287"
1013,72,woman_vacation,always: Unknown Flag,"212, 287"
1014,259,atm_machine,always: Unknown Flag,"213, 286"
1015,216,payphone,always: Unknown Flag,"211, 287"
1016,69,man_eye_bags,always: Unknown Flag,"232, 274"
1017,66,woman_red_blazer,always: Unknown Flag,"234, 278"
1018,58,woman_green_dress,always: Unknown Flag,"230, 278"
1019,73,bellhop,set: JUST_RESTED,"235, 274"
1020,56,man_bald,always: Unknown Flag,"211, 294"
1021,73,bellhop,always: Unknown Flag,"214, 295"
1022,259,atm_machine,always: Unknown Flag,"213, 294"
1023,216,payphone,always: Unknown Flag,"210, 294"
1024,70,man_blue_blazer,always: Unknown Flag,"228, 294"
1025,137,chef,always: Unknown Flag,"232, 284"
1026,142,???,always: Unknown Flag,"226, 284"
1027,56,man_bald,always: Unknown Flag,"220, 284"
1028,57,woman_black_dress,set: VISITED_ONETT,"220, 283"
1029,59,prettyman,always: Unknown Flag,"227, 284"
1030,53,old_woman,set: VISITED_ONETT,"222, 285"
1031,60,drunk_man,set: VISITED_ONETT,"224, 283"
1032,381,misc_15,always: Unknown Flag,"222, 281"
1033,68,woman red_dress,unset: SCARABA_CULTURAL_MUSEUM_PHONE_RINGING,"219, 298"
1034,215,black_phone,always: Unknown Flag,"220, 298"
1035,64,man_orange_sweater,always: Unknown Flag,"216, 277"
1036,71,man_vacation,always: Unknown Flag,"212, 278"
1037,95,scaraba_man_blue,unset: GAVE_RUBY_TO_HIEROGLYPHS_GUY,"235, 298"
1038,95,scaraba_man_blue,set: GAVE_RUBY_TO_HIEROGLYPHS_GUY,"250, 298"
1039,322,monster_coffin,unset: SHATTERED_MAN_1_DEFEATED,"252, 299"
1040,322,monster_coffin,unset: SHATTERED_MAN_2_DEFEATED,"253, 299"
1041,322,monster_coffin,always: Unknown Flag,"212, 275"
1042,322,monster_coffin,always: Unknown Flag,"215, 275"
1043,322,monster_coffin,always: Unknown Flag,"218, 275"
1044,221,sarcophagus,always: Unknown Flag,"212, 277"
1045,221,sarcophagus,always: Unknown Flag,"215, 277"
1046,221,sarcophagus,always: Unknown Flag,"218, 277"
1047,140,nurse,always: Unknown Flag,"210, 302"
1048,189,healer,always: Unknown Flag,"213, 302"
1049,139,doctor,always: Unknown Flag,"227, 302"
1050,140,nurse,always: Unknown Flag,"228, 302"
1051,86,beach_man_redhead,always: Unknown Flag,"163, 99"
1052,81,beach_woman,always: Unknown Flag,"162, 99"
1053,80,beach_man_blonde,always: Unknown Flag,"154, 92"
1054,71,man_vacation,always: Unknown Flag,"160, 86"
1055,86,beach_man_redhead,always: Unknown Flag,"186, 94"
1056,87,threed_hotel_woman,always: Unknown Flag,"182, 95"
1057,72,woman_vacation,always: Unknown Flag,"150, 96"
1058,86,beach_man_redhead,always: Unknown Flag,"144, 86"
1059,114,man_i_love_ny,always: Unknown Flag,"186, 86"
1060,116,woman_smiling,always: Unknown Flag,"198, 86"
1061,110,slot_machine_brother,always: Unknown Flag,"188, 91"
1062,132,myna_bird,always: Unknown Flag,"180, 90"
1063,90,sailor_blue,always: Unknown Flag,"217, 89"
1064,91,sailor_red,always: Unknown Flag,"234, 89"
1065,90,sailor_blue,always: Unknown Flag,"227, 91"
1066,103,tanning_man,always: Unknown Flag,"198, 93"
1067,131,cat,always: Unknown Flag,"219, 87"
1068,131,cat,always: Unknown Flag,"227, 89"
1069,181,magic_cake_woman,set: MAGIC_CAKE_LADY_AT_BEACH,"162, 89"
1070,104,tanning_woman,always: Unknown Flag,"140, 93"
1071,446,hint_man,unset: HINT_GUY_ABSENT,"196, 83"
1072,150,gorgeous,set: PARTY_IS_ROBOTIFIED,"168, 85"
1073,149,lucky,set: PARTY_IS_ROBOTIFIED,"169, 85"
1074,185,okay,set: PARTY_IS_ROBOTIFIED,"171, 87"
1075,81,beach_woman,set: PARTY_IS_ROBOTIFIED,"171, 88"
1076,381,misc_15,always: Unknown Flag,"215, 91"
1077,54,old_man_hat,always: Unknown Flag,"212, 88"
1078,229,cart,always: Unknown Flag,"188, 91"
1079,206,taxi,always: Unknown Flag,"139, 87"
1080,255,sportscar,always: Unknown Flag,"160, 87"
1081,207,red_truck,always: Unknown Flag,"163, 87"
1082,211,bicycle,always: Unknown Flag,"167, 85"
1083,266,potted_tree,always: Unknown Flag,"152, 85"
1084,266,potted_tree,always: Unknown Flag,"168, 85"
1085,229,cart,always: Unknown Flag,"161, 89"
1086,442,hotel_sign,always: Unknown Flag,"139, 86"
1087,243,runaway_five_bus,set: PARTY_IS_ROBOTIFIED,"171, 85"
1088,212,boat,always: Unknown Flag,"225, 93"
1089,166,poos_mentor,always: Unknown Flag,"212, 258"
1090,88,dalaam_man_1,always: Unknown Flag,"212, 261"
1091,167,dalaam_phone,always: Unknown Flag,"216, 259"
1092,4,poo,set: POO_AT_HIS_PALACE,"214, 259"
1093,381,misc_15,always: Unknown Flag,"214, 258"
1094,89,dalaam_woman,always: Unknown Flag,"250, 261"
1095,105,dalaam_man_2,always: Unknown Flag,"219, 241"
1096,89,dalaam_woman,always: Unknown Flag,"233, 246"
1097,88,dalaam_man_1,always: Unknown Flag,"217, 250"
1098,105,dalaam_man_2,always: Unknown Flag,"235, 254"
1099,88,dalaam_man_1,always: Unknown Flag,"236, 253"
1100,168,preet_proot,always: Unknown Flag,"142, 116"
1101,88,dalaam_man_1,always: Unknown Flag,"147, 109"
1102,163,dalaam_girl,always: Unknown Flag,"141, 126"
1103,98,star_master,unset: STAR_MASTER_NEXT_TO_MU,"155, 129"
1104,163,dalaam_girl,always: Unknown Flag,"137, 117"
1105,89,dalaam_woman,always: Unknown Flag,"142, 121"
1106,89,dalaam_woman,always: Unknown Flag,"134, 124"
1107,107,rabbit_statue,unset: USED_CARROT_KEY,"134, 130"
1108,107,rabbit_statue,unset: USED_CARROT_KEY,"135, 130"
1109,107,rabbit_statue,unset: USED_CARROT_KEY,"136, 130"
1110,163,dalaam_girl,set: PARTY_IS_ROBOTIFIED,"137, 108"
1111,163,dalaam_girl,set: PARTY_IS_ROBOTIFIED,"143, 111"
1112,213,sign,always: Unknown Flag,"154, 129"
1113,423,misc_20,always: Unknown Flag,"140, 108"
1114,423,misc_20,always: Unknown Flag,"142, 106"
1115,423,misc_20,always: Unknown Flag,"144, 108"
1116,423,misc_20,always: Unknown Flag,"146, 106"
1117,213,sign,always: Unknown Flag,"135, 123"
1118,333,monster_your_sanctuary,unset: CONQUERED_SANCTUARY_6,"65, 172"
1119,16,ness_unconscious,set: JUST_WOKE_UP_FROM_MAGICANT,"111, 194"
1120,2,paula,set: JUST_WOKE_UP_FROM_MAGICANT,"110, 193"
1121,3,jeff,set: JUST_WOKE_UP_FROM_MAGICANT,"111, 193"
1122,4,poo,set: JUST_WOKE_UP_FROM_MAGICANT,"112, 194"
1123,95,scaraba_man_blue,always: Unknown Flag,"203, 237"
1124,93,scaraba_man_green,always: Unknown Flag,"247, 217"
1125,144,arms_dealer,always: Unknown Flag,"234, 217"
1126,95,scaraba_man_blue,set: JUST_RESTED,"239, 219"
1127,259,atm_machine,always: Unknown Flag,"244, 218"
1128,215,black_phone,always: Unknown Flag,"246, 217"
1129,92,scaraba_woman,always: Unknown Flag,"201, 246"
1130,52,old_man_cane,always: Unknown Flag,"203, 254"
1131,140,nurse,always: Unknown Flag,"248, 266"
1132,139,doctor,always: Unknown Flag,"244, 266"
1133,189,healer,always: Unknown Flag,"242, 266"
1134,95,scaraba_man_blue,always: Unknown Flag,"46, 121"
1135,93,scaraba_man_green,always: Unknown Flag,"48, 129"
1136,95,scaraba_man_blue,always: Unknown Flag,"49, 129"
1137,92,scaraba_woman,always: Unknown Flag,"51, 129"
1138,94,scaraba_man_yellow,always: Unknown Flag,"51, 132"
1139,96,snake_man,always: Unknown Flag,"50, 129"
1140,95,scaraba_man_blue,always: Unknown Flag,"48, 132"
1141,93,scaraba_man_green,always: Unknown Flag,"50, 131"
1142,168,preet_proot,always: Unknown Flag,"52, 130"
1143,267,hieroglyph_door,unset: PYRAMID_OPEN,"55, 152"
1144,95,scaraba_man_blue,always: Unknown Flag,"42, 129"
1145,94,scaraba_man_yellow,always: Unknown Flag,"42, 132"
1146,94,scaraba_man_yellow,always: Unknown Flag,"53, 148"
1147,95,scaraba_man_blue,always: Unknown Flag,"52, 166"
1148,168,preet_proot,always: Unknown Flag,"51, 122"
1149,102,tribesman,unset: TALKED_TO_BRICK_ROADS_HEAD,"50, 169"
1150,41,dungeon_man,unset: DUNGEON_MAN_IN_DESERT,"42, 155"
1151,102,tribesman,set: TALKED_TO_BRICK_ROADS_HEAD,"54, 180"
1152,41,dungeon_man,set: DUNGEON_MAN_AT_PALM_TREES,"46, 177"
1153,446,hint_man,unset: HINT_GUY_ABSENT,"42, 146"
1154,267,hieroglyph_door,unset: PYRAMID_OPEN,"56, 152"
1155,95,scaraba_man_blue,unset: VISITED_DEEP_DARKNESS,"55, 124"
1156,94,scaraba_man_yellow,always: Unknown Flag,"49, 130"
1157,168,preet_proot,always: Unknown Flag,"49, 133"
1158,381,misc_15,always: Unknown Flag,"56, 151"
1159,381,misc_15,always: Unknown Flag,"39, 168"
1160,443,camel,always: Unknown Flag,"44, 133"
1161,443,camel,always: Unknown Flag,"53, 166"
1162,238,black_sesame_seed,always: Unknown Flag,"56, 124"
1163,238,black_sesame_seed,always: Unknown Flag,"57, 124"
1164,442,hotel_sign,always: Unknown Flag,"40, 129"
1165,213,sign,always: Unknown Flag,"52, 128"
1166,325,monster_egyptian,always: Unknown Flag,"179, 77"
1167,325,monster_egyptian,always: Unknown Flag,"16, 41"
1168,325,monster_egyptian,unset: GUARDIAN_HIEROGLYPH_3_DEFEATED,"131, 141"
1169,325,monster_egyptian,unset: GUARDIAN_HIEROGLYPH_4_DEFEATED,"99, 192"
1170,320,monster_asp,unset: LETHAL_ASP_HIEROGLYPH_1_DEFEATED,"98, 192"
1171,320,monster_asp,unset: LETHAL_ASP_HIEROGLYPH_2_DEFEATED,"108, 185"
1172,325,monster_egyptian,unset: GUARDIAN_HIEROGLYPH_5_DEFEATED,"26, 114"
1173,325,monster_egyptian,unset: GUARDIAN_HIEROGLYPH_6_DEFEATED,"29, 114"
1174,325,monster_egyptian,unset: GUARDIAN_HIEROGLYPH_7_DEFEATED,"128, 102"
1175,320,monster_asp,unset: LETHAL_ASP_HIEROGLYPH_3_DEFEATED,"129, 102"
1176,325,monster_egyptian,unset: GUARDIAN_HIEROGLYPH_8_DEFEATED,"137, 301"
1177,320,monster_asp,unset: LETHAL_ASP_HIEROGLYPH_4_DEFEATED,"138, 301"
1178,325,monster_egyptian,unset: GUARDIAN_HIEROGLYPH_9_DEFEATED,"132, 157"
1179,320,monster_asp,unset: LETHAL_ASP_HIEROGLYPH_5_DEFEATED,"115, 265"
1180,322,monster_coffin,unset: GUARDIAN_GENERAL_DEFEATED,"134, 279"
1181,325,monster_egyptian,unset: GUARDIAN_HIEROGLYPH_10_DEFEATED,"131, 165"
1182,325,monster_egyptian,unset: GUARDIAN_HIEROGLYPH_11_DEFEATED,"132, 173"
1183,325,monster_egyptian,unset: GUARDIAN_HIEROGLYPH_12_DEFEATED,"169, 105"
1184,320,monster_asp,unset: LETHAL_ASP_HIEROGLYPH_6_DEFEATED,"170, 105"
1185,325,monster_egyptian,unset: GUARDIAN_HIEROGLYPH_13_DEFEATED,"130, 181"
1186,325,monster_egyptian,unset: GUARDIAN_HIEROGLYPH_14_DEFEATED,"131, 189"
1187,320,monster_asp,unset: LETHAL_ASP_HIEROGLYPH_7_DEFEATED,"130, 189"
1188,325,monster_egyptian,unset: GUARDIAN_HIEROGLYPH_15_DEFEATED,"190, 110"
1189,325,monster_egyptian,unset: GUARDIAN_HIEROGLYPH_16_DEFEATED,"197, 110"
1190,325,monster_egyptian,unset: GUARDIAN_HIEROGLYPH_17_DEFEATED,"198, 110"
1191,320,monster_asp,unset: LETHAL_ASP_HIEROGLYPH_8_DEFEATED,"194, 110"
1192,320,monster_asp,unset: LETHAL_ASP_HIEROGLYPH_9_DEFEATED,"206, 105"
1193,221,sarcophagus,unset: PYRAMID_HOLE_OPEN,"27, 115"
1194,221,sarcophagus,set: PYRAMID_HOLE_OPEN,"28, 115"
1195,353,hawk_eye,unset: GOT_HAWK_EYE,"131, 174"
1196,179,brickroad_head,always: Unknown Flag,"52, 257"
1197,244,submarine,unset: VISITED_DEEP_DARKNESS,"130, 2"
1198,211,bicycle,always: Unknown Flag,"132, 3"
1199,206,taxi,always: Unknown Flag,"132, 4"
1200,198,bench,always: Unknown Flag,"147, 8"
1201,216,payphone,always: Unknown Flag,"129, 8"
1202,266,potted_tree,always: Unknown Flag,"147, 8"
1203,216,payphone,always: Unknown Flag,"134, 20"
1204,198,bench,always: Unknown Flag,"134, 21"
1205,266,potted_tree,always: Unknown Flag,"133, 21"
1206,259,atm_machine,always: Unknown Flag,"132, 20"
1207,429,rejuvenator,always: Unknown Flag,"131, 2"
1208,213,sign,always: Unknown Flag,"133, 21"
1209,198,bench,always: Unknown Flag,"20, 32"
1210,198,bench,always: Unknown Flag,"123, 205"
1211,287,monster_duck,always: Unknown Flag,"124, 199"
1212,287,monster_duck,always: Unknown Flag,"123, 200"
1213,287,monster_duck,always: Unknown Flag,"123, 201"
1214,315,monster_pile,always: Unknown Flag,"134, 203"
1215,315,monster_pile,always: Unknown Flag,"132, 205"
1216,315,monster_pile,always: Unknown Flag,"134, 205"
1217,294,monster_goat,always: Unknown Flag,"130, 196"
1218,294,monster_goat,always: Unknown Flag,"132, 195"
1219,213,sign,unset: DUNGEON_MAN_GOODBYE_EXIT_SIGN,"54, 266"
1220,213,sign,set: DUNGEON_MAN_GOODBYE_EXIT_SIGN,"53, 267"
1221,213,sign,always: Unknown Flag,"51, 258"
1222,189,healer,always: Unknown Flag,"185, 210"
1223,139,doctor,always: Unknown Flag,"187, 209"
1224,140,nurse,always: Unknown Flag,"188, 209"
1225,266,potted_tree,always: Unknown Flag,"186, 209"
1226,133,monkey,always: Unknown Flag,"193, 223"
1227,133,monkey,always: Unknown Flag,"181, 225"
1228,133,monkey,always: Unknown Flag,"171, 229"
1229,299,monster_barf,unset: MASTER_BARF_DEFEATED,"159, 237"
1230,132,myna_bird,always: Unknown Flag,"163, 240"
1231,456,misc_32,unset: USED_HAWK_EYE,"188, 248"
1232,144,arms_dealer,always: Unknown Flag,"190, 229"
1233,62,businessman_black_hair,always: Unknown Flag,"185, 221"
1234,139,doctor,always: Unknown Flag,"182, 222"
1235,412,phone_bird,always: Unknown Flag,"172, 226"
1236,428,misc_24,always: Unknown Flag,"190, 241"
1237,381,misc_15,always: Unknown Flag,"161, 241"
1238,160,monkey_woman,always: Unknown Flag,"178, 222"
1239,133,monkey,always: Unknown Flag,"176, 224"
1240,376,misc_10,unset: GOT_MAGIC_TRUFFLE_1,"192, 227"
1241,376,misc_10,unset: GOT_MAGIC_TRUFFLE_2,"176, 230"
1242,376,misc_10,unset: GOT_MAGIC_TRUFFLE_3,"169, 234"
1243,376,misc_10,unset: GOT_MAGIC_TRUFFLE_4,"152, 246"
1244,376,misc_10,unset: GOT_MAGIC_TRUFFLE_5,"159, 220"
1245,411,helicopter_crashed,always: Unknown Flag,"171, 246"
1246,333,monster_your_sanctuary,unset: CONQUERED_SANCTUARY_7,"109, 6"
1247,260,talking_rock,always: Unknown Flag,"122, 83"
1248,260,talking_rock,always: Unknown Flag,"105, 89"
1249,260,talking_rock,always: Unknown Flag,"101, 78"
1250,97,tenda,always: Unknown Flag,"17, 6"
1251,97,tenda,always: Unknown Flag,"14, 3"
1252,170,tenda_chief,always: Unknown Flag,"14, 10"
1253,97,tenda,always: Unknown Flag,"20, 4"
1254,97,tenda,always: Unknown Flag,"4, 3"
1255,97,tenda,always: Unknown Flag,"5, 8"
1256,97,tenda,always: Unknown Flag,"12, 7"
1257,97,tenda,always: Unknown Flag,"11, 10"
1258,97,tenda,always: Unknown Flag,"4, 12"
1259,97,tenda,always: Unknown Flag,"10, 5"
1260,260,talking_rock,always: Unknown Flag,"36, 85"
1261,97,tenda,always: Unknown Flag,"2, 13"
1262,215,black_phone,always: Unknown Flag,"20, 11"
1263,360,tenda_rock,unset: TENDA_VILLAGE_UNDERGROUND_OPEN,"5, 12"
1264,225,open_can,always: Unknown Flag,"19, 11"
1265,227,mailbox,always: Unknown Flag,"19, 11"
1266,270,crt_monitor,always: Unknown Flag,"20, 9"
1267,405,spa_sign,always: Unknown Flag,"9, 5"
1268,171,mr_saturn,set: KIDNAPPED_MR_SATURN_AT_CAVE_OF_THE_PRESENT,"188, 9"
1269,162,dr_andonuts,set: ANDONUTS_AT_CAVE_OF_THE_PRESENT_1,"185, 6"
1270,162,dr_andonuts,set: ANDONUTS_AT_CAVE_OF_THE_PRESENT_2,"180, 5"
1271,176,apple_kid,set: APPLE_KID_AT_CAVE_OF_THE_PRESENT,"185, 7"
1272,171,mr_saturn,set: MR_SATURN_AT_CAVE_OF_THE_PRESENT,"188, 8"
1273,240,broken_skyrunner,set: MANI_MANI_DEFEATED,"189, 8"
1274,210,phase_distorter,set: PHASE_DISTORTER_V2_AT_CAVE_OF_THE_PRESENT,"171, 9"
1275,210,phase_distorter,set: PHASE_DISTORTER_V3_AT_CAVE_OF_THE_PRESENT,"186, 8"
1276,333,monster_your_sanctuary,unset: CONQUERED_SANCTUARY_8,"104, 199"
1277,16,ness_unconscious,set: JUST_WOKE_UP_FROM_MAGICANT,"192, 306"
1278,2,paula,set: JUST_WOKE_UP_FROM_MAGICANT,"193, 305"
1279,3,jeff,set: JUST_WOKE_UP_FROM_MAGICANT,"192, 305"
1280,4,poo,set: JUST_WOKE_UP_FROM_MAGICANT,"194, 306"
1281,256,flame,always: Unknown Flag,"191, 305"
1282,398,tenda_tiny,always: Unknown Flag,"71, 82"
1283,398,tenda_tiny,always: Unknown Flag,"73, 82"
1284,398,tenda_tiny,always: Unknown Flag,"73, 82"
1285,398,tenda_tiny,always: Unknown Flag,"73, 80"
1286,398,tenda_tiny,always: Unknown Flag,"74, 80"
1287,398,tenda_tiny,always: Unknown Flag,"79, 87"
1288,398,tenda_tiny,always: Unknown Flag,"72, 81"
1289,398,tenda_tiny,always: Unknown Flag,"74, 82"
1290,398,tenda_tiny,always: Unknown Flag,"73, 77"
1291,398,tenda_tiny,always: Unknown Flag,"71, 80"
1292,268,talking_rock_tiny,always: Unknown Flag,"74, 81"
1293,398,tenda_tiny,always: Unknown Flag,"78, 87"
1294,398,tenda_tiny,always: Unknown Flag,"65, 100"
1295,427,phone_bird_tiny,always: Unknown Flag,"78, 88"
1296,427,phone_bird_tiny,always: Unknown Flag,"64, 100"
1297,427,phone_bird_tiny,always: Unknown Flag,"71, 83"
1298,398,tenda_tiny,always: Unknown Flag,"72, 82"
1299,422,misc_19,unset: UNDERWORLD_TENDA_GATE_OPEN,"73, 83"
1300,213,sign,always: Unknown Flag,"72, 80"
1301,213,sign,always: Unknown Flag,"78, 89"
1302,213,sign,always: Unknown Flag,"63, 100"
1303,426,misc_23,always: Unknown Flag,"83, 93"
1304,402,waterspout_healing,always: Unknown Flag,"72, 77"
1305,426,misc_23,always: Unknown Flag,"67, 99"
1306,26,robot_unconscious,set: GIYGAS_DEFEATED,"6, 190"
1307,26,robot_unconscious,set: GIYGAS_DEFEATED,"6, 190"
1308,26,robot_unconscious,set: GIYGAS_DEFEATED,"5, 190"
1309,457,ness_robot_unconscious,set: GIYGAS_DEFEATED,"6, 190"
1310,210,phase_distorter,set: PARTY_IS_ROBOTIFIED,"18, 216"
1311,0,blank,set: Unknown Flag,
1312,99,magicant_troll,always: Unknown Flag,"236, 242"
1313,39,flying_man,unset: FLYING_MAN_1_JOINS,"252, 255"
1314,39,flying_man,unset: FLYING_MAN_2_JOINS,"251, 254"
1315,39,flying_man,unset: FLYING_MAN_3_JOINS,"250, 254"
1316,39,flying_man,unset: FLYING_MAN_4_JOINS,"250, 255"
1317,39,flying_man,unset: FLYING_MAN_5_JOINS,"249, 255"
1318,99,magicant_troll,always: Unknown Flag,"235, 250"
1319,129,magicant_chicken,always: Unknown Flag,"251, 247"
1320,381,misc_15,always: Unknown Flag,"252, 245"
1321,381,misc_15,always: Unknown Flag,"253, 246"
1322,107,rabbit_statue,always: Unknown Flag,"188, 141"
1323,123,boy_blue_cap,always: Unknown Flag,"164, 147"
1324,308,monster_zombie,always: Unknown Flag,"179, 146"
1325,328,monster_belch,always: Unknown Flag,"173, 141"
1326,288,monster_fishman,always: Unknown Flag,"168, 132"
1327,124,boy_baseball_helmet,always: Unknown Flag,"156, 143"
1328,125,boy_bowler_hat,always: Unknown Flag,"157, 143"
1329,128,girl_pigtails,always: Unknown Flag,"158, 143"
1330,45,picky,always: Unknown Flag,"159, 143"
1331,127,girl_ponytail,always: Unknown Flag,"160, 144"
1332,133,monkey,always: Unknown Flag,"161, 144"
1333,126,boy_fedora,always: Unknown Flag,"162, 144"
1334,107,rabbit_statue,always: Unknown Flag,"163, 143"
1335,1,ness,always: Unknown Flag,"188, 127"
1336,129,magicant_chicken,always: Unknown Flag,"193, 142"
1337,100,magicant_daisy,always: Unknown Flag,"187, 148"
1338,100,magicant_daisy,always: Unknown Flag,"186, 149"
1339,100,magicant_daisy,always: Unknown Flag,"188, 149"
1340,98,star_master,always: Unknown Flag,"173, 133"
1341,98,star_master,always: Unknown Flag,"190, 138"
1342,145,mom,always: Unknown Flag,"197, 138"
1343,146,tracy,always: Unknown Flag,"195, 138"
1344,40,king,always: Unknown Flag,"198, 138"
1345,44,pokey,always: Unknown Flag,"160, 139"
1346,157,everdred,unset: TALKED_TO_MAGICANT_EVERDRED,"183, 141"
1347,239,gravestone,set: FLYING_MAN_1_DEAD,"161, 131"
1348,239,gravestone,set: FLYING_MAN_2_DEAD,"162, 131"
1349,239,gravestone,set: FLYING_MAN_3_DEAD,"162, 131"
1350,239,gravestone,set: FLYING_MAN_4_DEAD,"163, 131"
1351,239,gravestone,set: FLYING_MAN_5_DEAD,"163, 131"
1352,239,gravestone,always: Unknown Flag,"165, 131"
1353,200,tentacle,always: Unknown Flag,"173, 122"
1354,295,monster_kraken,unset: SEA_OF_EDEN_KRAKEN_1_DEFEATED,"27, 301"
1355,295,monster_kraken,unset: SEA_OF_EDEN_KRAKEN_2_DEFEATED,"22, 289"
1356,295,monster_kraken,unset: SEA_OF_EDEN_KRAKEN_3_DEFEATED,"17, 286"
1357,200,tentacle,always: Unknown Flag,"13, 300"
1358,293,mani_mani,unset: NESS_NIGHTMARE_DEFEATED,"15, 285"
1359,84,bartender,always: Unknown Flag,"203, 154"
1360,108,woman_gold_necklace,always: Unknown Flag,"203, 155"
1361,60,drunk_man,always: Unknown Flag,"205, 155"
1362,66,woman_red_blazer,always: Unknown Flag,"203, 155"
1363,279,monster_flame,unset: MOONSIDE_CAFE_ROBO_PUMP_DEFEATED,"201, 155"
1364,140,nurse,always: Unknown Flag,"234, 154"
1365,139,doctor,always: Unknown Flag,"228, 154"
1366,300,monster_art,unset: MOONSIDE_HOSPITAL_ABSTRACT_ART_DEFEATED,"224, 155"
1367,189,healer,always: Unknown Flag,"227, 154"
1368,68,woman red_dress,always: Unknown Flag,"251, 182"
1369,64,man_orange_sweater,always: Unknown Flag,"193, 132"
1370,174,museum_curator,always: Unknown Flag,"196, 132"
1371,279,monster_flame,unset: MOONSIDE_MUSEUM_ROBO_PUMP_DEFEATED,"195, 132"
1372,56,man_bald,always: Unknown Flag,"204, 182"
1373,73,bellhop,set: JUST_RESTED,"202, 182"
1374,85,punk_man,always: Unknown Flag,"203, 182"
1375,259,atm_machine,always: Unknown Flag,"205, 182"
1376,215,black_phone,always: Unknown Flag,"205, 182"
1377,79,mr_t,always: Unknown Flag,"170, 138"
1378,450,glasses_guy,unset: INVISIBLE_MAN_JOINS,"172, 139"
1379,63,businessman_hat,always: Unknown Flag,"227, 117"
1380,71,man_vacation,always: Unknown Flag,"225, 127"
1381,72,woman_vacation,always: Unknown Flag,"233, 141"
1382,118,teddy,always: Unknown Flag,"233, 129"
1383,62,businessman_black_hair,always: Unknown Flag,"233, 138"
1384,69,man_eye_bags,always: Unknown Flag,"253, 123"
1385,64,man_orange_sweater,always: Unknown Flag,"231, 122"
1386,115,pigpen,always: Unknown Flag,"248, 141"
1387,89,dalaam_woman,always: Unknown Flag,"246, 148"
1388,85,punk_man,always: Unknown Flag,"243, 117"
1389,109,bodyguard,always: Unknown Flag,"254, 129"
1390,119,shy_guy,always: Unknown Flag,"245, 120"
1391,61,businessman_blonde,always: Unknown Flag,"227, 121"
1392,117,man_sunglasses,always: Unknown Flag,"245, 136"
1393,116,woman_smiling,always: Unknown Flag,"248, 131"
1394,78,rasta_man,always: Unknown Flag,"229, 113"
1395,164,monotoli,unset: TALKED_TO_MOONSIDE_MONOTOLI,"238, 147"
1396,90,sailor_blue,unset: PATH_TO_MANI_MANI_OPEN,"241, 143"
1397,71,man_vacation,always: Unknown Flag,"227, 125"
1398,71,man_vacation,always: Unknown Flag,"235, 130"
1399,71,man_vacation,always: Unknown Flag,"237, 127"
1400,71,man_vacation,always: Unknown Flag,"236, 124"
1401,71,man_vacation,always: Unknown Flag,"239, 122"
1402,71,man_vacation,always: Unknown Flag,"249, 122"
1403,71,man_vacation,always: Unknown Flag,"232, 149"
1404,71,man_vacation,always: Unknown Flag,"243, 149"
1405,442,hotel_sign,always: Unknown Flag,"248, 120"
1406,293,mani_mani,always: Unknown Flag,"238, 145"
1407,195,present,always: Unknown Flag,"59, 13"
1408,214,trashcan,always: Unknown Flag,"57, 35"
1409,195,present,always: Unknown Flag,"50, 83"
1410,214,trashcan,always: Unknown Flag,"69, 44"
1411,214,trashcan,always: Unknown Flag,"47, 54"
1412,195,present,always: PRESENT_CRACKED_BAT,"233, 23"
1413,195,present,always: Unknown Flag,"65, 256"
1414,195,present,always: Unknown Flag,"121, 158"
1415,195,present,always: Unknown Flag,"113, 182"
1416,195,present,always: Unknown Flag,"25, 262"
1417,195,present,always: Unknown Flag,"253, 278"
1418,214,trashcan,always: Unknown Flag,"241, 247"
1419,195,present,always: Unknown Flag,"246, 71"
1420,195,present,always: Unknown Flag,"253, 74"
1421,195,present,always: Unknown Flag,"158, 56"
1422,195,present,always: Unknown Flag,"155, 29"
1423,195,present,always: Unknown Flag,"151, 64"
1424,195,present,always: Unknown Flag,"162, 39"
1425,195,present,always: Unknown Flag,"165, 65"
1426,195,present,always: Unknown Flag,"178, 60"
1427,195,present,always: Unknown Flag,"117, 35"
1428,195,present,always: Unknown Flag,"98, 61"
1429,195,present,always: Unknown Flag,"122, 50"
1430,214,trashcan,always: Unknown Flag,"152, 266"
1431,214,trashcan,always: Unknown Flag,"197, 266"
1432,214,trashcan,always: Unknown Flag,"164, 291"
1433,214,trashcan,always: Unknown Flag,"189, 292"
1434,262,coffin,always: Unknown Flag,"125, 75"
1435,262,coffin,always: Unknown Flag,"124, 162"
1436,195,present,always: PRESENT_TONY_COOKIE_1,"242, 57"
1437,195,present,always: PRESENT_TONY_COOKIE_2,"245, 58"
1438,195,present,always: PRESENT_TONY_COOKIE_3,"242, 58"
1439,195,present,always: PRESENT_TONY_COOKIE_4,"244, 58"
1440,195,present,always: PRESENT_TONY_COOKIE_5,"246, 59"
1441,195,present,always: PRESENT_TONY_COOKIE_6,"241, 58"
1442,195,present,always: PRESENT_TONY_COOKIE_7,"243, 59"
1443,195,present,always: Unknown Flag,"222, 59"
1444,195,present,always: Unknown Flag,"53, 116"
1445,195,present,always: Unknown Flag,"38, 115"
1446,195,present,always: Unknown Flag,"49, 116"
1447,195,present,always: Unknown Flag,"45, 114"
1448,195,present,always: Unknown Flag,"52, 110"
1449,195,present,always: Unknown Flag,"163, 5"
1450,195,present,always: Unknown Flag,"153, 13"
1451,195,present,always: Unknown Flag,"195, 154"
1452,195,present,always: Unknown Flag,"211, 137"
1453,195,present,always: Unknown Flag,"223, 153"
1454,195,present,always: Unknown Flag,"215, 115"
1455,195,present,always: Unknown Flag,"203, 123"
1456,195,present,always: Unknown Flag,"206, 135"
1457,195,present,always: Unknown Flag,"229, 209"
1458,195,present,always: Unknown Flag,"213, 128"
1459,195,present,always: Unknown Flag,"239, 172"
1460,214,trashcan,always: Unknown Flag,"125, 175"
1461,214,trashcan,always: Unknown Flag,"125, 166"
1462,214,trashcan,always: Unknown Flag,"124, 182"
1463,214,trashcan,always: Unknown Flag,"123, 182"
1464,214,trashcan,always: Unknown Flag,"123, 183"
1465,214,trashcan,always: Unknown Flag,"124, 174"
1466,195,present,always: Unknown Flag,"220, 66"
1467,195,present,always: Unknown Flag,"207, 26"
1468,195,present,always: Unknown Flag,"206, 51"
1469,195,present,always: Unknown Flag,"213, 102"
1470,195,present,always: Unknown Flag,"15, 235"
1471,214,trashcan,always: Unknown Flag,"210, 106"
1472,214,trashcan,always: Unknown Flag,"209, 106"
1473,214,trashcan,always: Unknown Flag,"208, 106"
1474,233,dalaam_present,always: Unknown Flag,"194, 210"
1475,214,trashcan,always: Unknown Flag,"193, 201"
1476,233,dalaam_present,always: Unknown Flag,"241, 194"
1477,214,trashcan,always: Unknown Flag,"209, 202"
1478,233,dalaam_present,always: Unknown Flag,"234, 213"
1479,233,dalaam_present,always: Unknown Flag,"233, 213"
1480,233,dalaam_present,always: Unknown Flag,"197, 183"
1481,233,dalaam_present,always: Unknown Flag,"194, 206"
1482,233,dalaam_present,always: Unknown Flag,"195, 190"
1483,233,dalaam_present,always: Unknown Flag,"195, 198"
1484,233,dalaam_present,always: Unknown Flag,"196, 198"
1485,233,dalaam_present,always: Unknown Flag,"210, 191"
1486,233,dalaam_present,always: Unknown Flag,"197, 215"
1487,233,dalaam_present,always: Unknown Flag,"214, 198"
1488,233,dalaam_present,always: Unknown Flag,"215, 198"
1489,195,present,always: Unknown Flag,"97, 301"
1490,195,present,always: Unknown Flag,"46, 286"
1491,195,present,always: Unknown Flag,"96, 275"
1492,195,present,always: Unknown Flag,"68, 275"
1493,195,present,always: Unknown Flag,"75, 290"
1494,195,present,always: Unknown Flag,"114, 277"
1495,195,present,always: Unknown Flag,"81, 307"
1496,195,present,always: Unknown Flag,"127, 290"
1497,195,present,always: Unknown Flag,"210, 194"
1498,195,present,always: Unknown Flag,"202, 206"
1499,195,present,always: Unknown Flag,"195, 161"
1500,195,present,always: Unknown Flag,"229, 170"
1501,195,present,always: Unknown Flag,"203, 206"
1502,195,present,always: Unknown Flag,"253, 162"
1503,195,present,always: Unknown Flag,"237, 178"
1504,195,present,always: Unknown Flag,"227, 178"
1505,195,present,always: Unknown Flag,"201, 179"
1506,195,present,always: Unknown Flag,"233, 205"
1507,195,present,always: Unknown Flag,"228, 187"
1508,195,present,always: Unknown Flag,"243, 166"
1509,195,present,always: Unknown Flag,"228, 186"
1510,195,present,always: Unknown Flag,"227, 201"
1511,233,dalaam_present,always: Unknown Flag,"119, 129"
1512,195,present,always: Unknown Flag,"185, 163"
1513,195,present,always: Unknown Flag,"187, 171"
1514,195,present,always: Unknown Flag,"233, 151"
1515,195,present,always: Unknown Flag,"246, 146"
1516,195,present,always: Unknown Flag,"254, 119"
1517,195,present,always: Unknown Flag,"228, 131"
1518,195,present,always: Unknown Flag,"233, 137"
1519,214,trashcan,always: Unknown Flag,"224, 109"
1520,214,trashcan,always: Unknown Flag,"129, 154"
1521,214,trashcan,always: Unknown Flag,"130, 138"
1522,214,trashcan,always: Unknown Flag,"3, 44"
1523,214,trashcan,always: Unknown Flag,"179, 111"
1524,322,monster_coffin,always: Unknown Flag,"129, 150"
1525,322,monster_coffin,always: Unknown Flag,"131, 158"
1526,322,monster_coffin,always: Unknown Flag,"132, 142"
1527,322,monster_coffin,always: Unknown Flag,"131, 182"
1528,322,monster_coffin,always: Unknown Flag,"131, 158"
1529,322,monster_coffin,always: Unknown Flag,"132, 166"
1530,195,present,always: Unknown Flag,"142, 6"
1531,195,present,always: Unknown Flag,"145, 19"
1532,195,present,always: Unknown Flag,"4, 28"
1533,195,present,always: Unknown Flag,"2, 22"
1534,195,present,always: Unknown Flag,"149, 11"
1535,195,present,always: Unknown Flag,"7, 35"
1536,195,present,always: Unknown Flag,"142, 8"
1537,195,present,always: Unknown Flag,"139, 14"
1538,195,present,always: Unknown Flag,"13, 25"
1539,195,present,always: Unknown Flag,"14, 34"
1540,195,present,always: Unknown Flag,"123, 206"
1541,195,present,always: Unknown Flag,"133, 18"
1542,233,dalaam_present,always: Unknown Flag,"210, 260"
1543,233,dalaam_present,always: Unknown Flag,"210, 261"
1544,233,dalaam_present,always: Unknown Flag,"209, 261"
1545,233,dalaam_present,always: Unknown Flag,"216, 242"
1546,233,dalaam_present,always: Unknown Flag,"234, 253"
1547,233,dalaam_present,always: Unknown Flag,"219, 249"
1548,233,dalaam_present,always: Unknown Flag,"233, 253"
1549,195,present,always: Unknown Flag,"132, 268"
1550,195,present,always: Unknown Flag,"148, 141"
1551,195,present,always: Unknown Flag,"131, 286"
1552,195,present,always: Unknown Flag,"141, 250"
1553,195,present,always: Unknown Flag,"151, 232"
1554,195,present,always: Unknown Flag,"163, 241"
1555,195,present,always: Unknown Flag,"169, 243"
1556,195,present,always: Unknown Flag,"188, 236"
1557,195,present,always: Unknown Flag,"174, 237"
1558,195,present,always: Unknown Flag,"104, 11"
1559,195,present,always: Unknown Flag,"100, 12"
1560,195,present,always: Unknown Flag,"112, 89"
1561,195,present,always: Unknown Flag,"112, 29"
1562,195,present,always: Unknown Flag,"125, 20"
1563,195,present,always: Unknown Flag,"106, 75"
1564,195,present,always: Unknown Flag,"101, 93"
1565,195,present,always: Unknown Flag,"115, 79"
1566,195,present,always: Unknown Flag,"104, 88"
1567,214,trashcan,always: Unknown Flag,"19, 10"
1568,33,present_tiny,always: Unknown Flag,"75, 87"
1569,33,present_tiny,always: Unknown Flag,"93, 90"
1570,33,present_tiny,always: Unknown Flag,"89, 77"
1571,33,present_tiny,always: Unknown Flag,"79, 75"
1572,33,present_tiny,always: Unknown Flag,"65, 88"
1573,195,present,always: Unknown Flag,"107, 204"
1574,195,present,always: Unknown Flag,"129, 178"
1575,195,present,always: Unknown Flag,"119, 214"
1576,195,present,always: Unknown Flag,"99, 209"
1577,195,present,always: Unknown Flag,"117, 170"
1578,195,present,always: Unknown Flag,"187, 127"
1579,195,present,always: Unknown Flag,"155, 145"
1580,195,present,always: Unknown Flag,"186, 119"
1581,195,present,always: Unknown Flag,"171, 113"
1582,195,present,always: Unknown Flag,"166, 124"
1583,195,present,always: Unknown Flag,"12, 191"
